Invoice ID,City,Product line,Unit price,Quantity,Sales,Date,Time
750-67-8428,Berlin,Health and beauty,74.69,7,548.9715,1/5/2019,1:08:00 PM
226-31-3081,Madrid,Electronic accessories,15.28,5,80.22,3/8/2019,10:29:00 AM
631-41-3108,Berlin,Home and lifestyle,46.33,7,340.5255,3/3/2019,1:23:00 PM
123-19-1176,Berlin,Health and beauty,58.22,8,489.048,1/27/2019,8:33:00 PM
373-73-7910,Berlin,Sports and travel,86.31,7,634.3785,2/8/2019,10:37:00 AM
699-14-3026,Madrid,Electronic accessories,85.39,7,627.6165,3/25/2019,6:30:00 PM
355-53-5943,Berlin,Electronic accessories,68.84,6,433.692,2/25/2019,2:36:00 PM
315-22-5665,Madrid,Home and lifestyle,73.56,10,772.38,2/24/2019,11:38:00 AM
665-32-9167,Berlin,Health and beauty,36.26,2,76.146,1/10/2019,5:15:00 PM
692-92-5582,Paris,Food and beverages,54.84,3,172.746,2/20/2019,1:27:00 PM
351-62-0822,Paris,Fashion accessories,14.48,4,60.816,2/6/2019,6:07:00 PM
529-56-3974,Paris,Electronic accessories,25.51,4,107.142,3/9/2019,5:03:00 PM
365-64-0515,Berlin,Electronic accessories,46.95,5,246.4875,2/12/2019,10:25:00 AM
252-56-2699,Berlin,Food and beverages,43.19,10,453.495,2/7/2019,4:48:00 PM
829-34-3910,Berlin,Health and beauty,71.38,10,749.49,3/29/2019,7:21:00 PM
299-46-1805,Paris,Sports and travel,93.72,6,590.436,1/15/2019,4:19:00 PM
656-95-9349,Berlin,Health and beauty,68.93,7,506.6355,3/11/2019,11:03:00 AM
765-26-6951,Berlin,Sports and travel,72.61,6,457.443,1/1/2019,10:39:00 AM
329-62-1586,Berlin,Food and beverages,54.67,3,172.2105,1/21/2019,6:00:00 PM
319-50-3348,Paris,Home and lifestyle,40.3,2,84.63,3/11/2019,3:30:00 PM
300-71-4605,Madrid,Electronic accessories,86.04,5,451.71,2/25/2019,11:24:00 AM
371-85-5789,Paris,Health and beauty,87.98,3,277.137,3/5/2019,10:40:00 AM
273-16-6619,Paris,Home and lifestyle,33.2,2,69.72,3/15/2019,12:20:00 PM
636-48-8204,Berlin,Electronic accessories,34.56,5,181.44,2/17/2019,11:15:00 AM
549-59-1358,Berlin,Sports and travel,88.63,3,279.1845,3/2/2019,5:36:00 PM
227-03-5010,Berlin,Home and lifestyle,52.59,8,441.756,3/22/2019,7:20:00 PM
649-29-6775,Paris,Fashion accessories,33.52,1,35.196,2/8/2019,3:31:00 PM
189-17-4241,Berlin,Fashion accessories,87.67,2,184.107,3/10/2019,12:17:00 PM
145-94-9061,Paris,Food and beverages,88.36,5,463.89,1/25/2019,7:48:00 PM
848-62-7243,Berlin,Health and beauty,24.89,9,235.2105,3/15/2019,3:36:00 PM
871-79-8483,Paris,Fashion accessories,94.13,5,494.1825,2/25/2019,7:39:00 PM
149-71-6266,Paris,Sports and travel,78.07,9,737.7615,1/28/2019,12:43:00 PM
640-49-2076,Paris,Sports and travel,83.78,8,703.752,1/10/2019,2:49:00 PM
595-11-5460,Berlin,Health and beauty,96.58,2,202.818,3/15/2019,10:12:00 AM
183-56-6882,Madrid,Food and beverages,99.42,4,417.564,2/6/2019,10:42:00 AM
232-16-2483,Madrid,Sports and travel,68.12,1,71.526,1/7/2019,12:28:00 PM
129-29-8530,Berlin,Sports and travel,62.62,5,328.755,3/10/2019,7:15:00 PM
272-65-1806,Berlin,Electronic accessories,60.88,9,575.316,1/15/2019,5:17:00 PM
333-73-7901,Madrid,Health and beauty,54.92,8,461.328,3/23/2019,1:24:00 PM
777-82-7220,Paris,Home and lifestyle,30.12,8,253.008,3/3/2019,1:01:00 PM
280-35-5823,Paris,Home and lifestyle,86.72,1,91.056,1/17/2019,6:45:00 PM
554-53-8700,Madrid,Home and lifestyle,56.11,2,117.831,2/2/2019,10:11:00 AM
354-25-5821,Paris,Sports and travel,69.12,6,435.456,2/8/2019,1:03:00 PM
228-96-1411,Madrid,Food and beverages,98.7,8,829.08,3/4/2019,8:39:00 PM
617-15-4209,Madrid,Health and beauty,15.37,2,32.277,3/16/2019,7:47:00 PM
132-32-9879,Paris,Electronic accessories,93.96,4,394.632,3/9/2019,6:00:00 PM
370-41-7321,Paris,Health and beauty,56.69,9,535.7205,2/27/2019,5:24:00 PM
727-46-3608,Paris,Food and beverages,20.01,9,189.0945,2/6/2019,3:47:00 PM
669-54-1719,Paris,Electronic accessories,18.93,6,119.259,2/10/2019,12:45:00 PM
574-22-5561,Madrid,Fashion accessories,82.63,10,867.615,3/19/2019,5:08:00 PM
326-78-5178,Madrid,Food and beverages,91.4,7,671.79,2/3/2019,10:19:00 AM
162-48-8011,Berlin,Food and beverages,44.59,5,234.0975,2/10/2019,3:10:00 PM
616-24-2851,Paris,Fashion accessories,17.87,4,75.054,3/22/2019,2:42:00 PM
778-71-5554,Madrid,Fashion accessories,15.43,1,16.2015,1/25/2019,3:46:00 PM
242-55-6721,Paris,Home and lifestyle,16.16,2,33.936,3/7/2019,11:49:00 AM
399-46-5918,Madrid,Electronic accessories,85.98,8,722.232,2/28/2019,7:01:00 PM
106-35-6779,Berlin,Home and lifestyle,44.34,2,93.114,3/27/2019,11:26:00 AM
635-40-6220,Berlin,Health and beauty,89.6,8,752.64,2/7/2019,11:28:00 AM
817-48-8732,Berlin,Home and lifestyle,72.35,10,759.675,1/20/2019,3:55:00 PM
120-06-4233,Madrid,Electronic accessories,30.61,6,192.843,3/12/2019,8:36:00 PM
285-68-5083,Madrid,Sports and travel,24.74,3,77.931,2/15/2019,5:47:00 PM
803-83-5989,Madrid,Home and lifestyle,55.73,6,351.099,2/24/2019,10:55:00 AM
347-34-2234,Paris,Sports and travel,55.07,9,520.4115,2/3/2019,1:40:00 PM
199-75-8169,Berlin,Sports and travel,15.81,10,166.005,3/6/2019,12:27:00 PM
853-23-2453,Paris,Health and beauty,75.74,4,318.108,2/14/2019,2:35:00 PM
877-22-3308,Berlin,Health and beauty,15.87,10,166.635,3/13/2019,4:40:00 PM
838-78-4295,Madrid,Health and beauty,33.47,2,70.287,2/10/2019,3:43:00 PM
109-28-2512,Paris,Fashion accessories,97.61,6,614.943,1/7/2019,3:01:00 PM
232-11-3025,Berlin,Sports and travel,78.77,10,827.085,1/24/2019,10:04:00 AM
382-03-4532,Berlin,Health and beauty,18.33,1,19.2465,2/2/2019,6:50:00 PM
393-65-2792,Madrid,Food and beverages,89.48,10,939.54,1/6/2019,12:46:00 PM
796-12-2025,Madrid,Fashion accessories,62.12,10,652.26,2/11/2019,4:19:00 PM
510-95-6347,Paris,Food and beverages,48.52,3,152.838,3/5/2019,6:17:00 PM
841-35-6630,Madrid,Electronic accessories,75.91,6,478.233,3/9/2019,6:21:00 PM
287-21-9091,Berlin,Home and lifestyle,74.67,9,705.6315,1/22/2019,10:55:00 AM
732-94-0499,Madrid,Electronic accessories,41.65,10,437.325,1/13/2019,5:04:00 PM
263-10-3913,Madrid,Fashion accessories,49.04,9,463.428,1/9/2019,2:20:00 PM
381-20-0914,Berlin,Fashion accessories,20.01,9,189.0945,1/12/2019,3:48:00 PM
829-49-1914,Madrid,Food and beverages,78.31,10,822.255,3/5/2019,4:24:00 PM
756-01-7507,Madrid,Health and beauty,20.38,5,106.995,1/22/2019,6:56:00 PM
870-72-4431,Madrid,Health and beauty,99.19,6,624.897,1/21/2019,2:42:00 PM
847-38-7188,Paris,Food and beverages,96.68,3,304.542,1/26/2019,7:56:00 PM
480-63-2856,Madrid,Food and beverages,19.25,8,161.7,1/23/2019,6:37:00 PM
787-56-0757,Madrid,Food and beverages,80.36,4,337.512,2/23/2019,6:45:00 PM
360-39-5055,Madrid,Sports and travel,48.91,5,256.7775,3/9/2019,10:17:00 AM
730-50-9884,Madrid,Sports and travel,83.06,7,610.491,3/5/2019,2:31:00 PM
362-58-8315,Madrid,Fashion accessories,76.52,5,401.73,3/25/2019,10:23:00 AM
633-44-8566,Berlin,Food and beverages,49.38,7,362.943,3/27/2019,8:35:00 PM
504-35-8843,Berlin,Sports and travel,42.47,1,44.5935,1/2/2019,4:57:00 PM
318-68-5053,Paris,Health and beauty,76.99,6,485.037,2/27/2019,5:55:00 PM
565-80-5980,Madrid,Home and lifestyle,47.38,4,198.996,1/23/2019,10:25:00 AM
225-32-0908,Madrid,Sports and travel,44.86,10,471.03,1/26/2019,7:54:00 PM
873-51-0671,Berlin,Sports and travel,21.98,7,161.553,1/10/2019,4:42:00 PM
152-08-9985,Paris,Health and beauty,64.36,9,608.202,3/12/2019,12:09:00 PM
512-91-0811,Madrid,Health and beauty,89.75,1,94.2375,2/6/2019,8:05:00 PM
594-34-4444,Berlin,Electronic accessories,97.16,1,102.018,3/8/2019,8:38:00 PM
766-85-7061,Paris,Health and beauty,87.87,10,922.635,3/29/2019,10:25:00 AM
871-39-9221,Madrid,Electronic accessories,12.45,6,78.435,2/9/2019,1:11:00 PM
865-92-6136,Berlin,Food and beverages,52.75,3,166.1625,3/23/2019,10:16:00 AM
733-01-9107,Paris,Home and lifestyle,82.7,6,521.01,3/5/2019,6:14:00 PM
163-56-7055,Madrid,Fashion accessories,48.71,1,51.1455,3/26/2019,7:20:00 PM
189-98-2939,Madrid,Fashion accessories,78.55,9,742.2975,3/1/2019,1:22:00 PM
551-21-3069,Madrid,Electronic accessories,23.07,9,218.0115,2/1/2019,11:27:00 AM
212-62-1842,Berlin,Food and beverages,58.26,6,367.038,3/28/2019,4:44:00 PM
716-39-1409,Paris,Health and beauty,30.35,7,223.0725,3/19/2019,6:19:00 PM
704-48-3927,Berlin,Electronic accessories,88.67,10,931.035,1/12/2019,2:50:00 PM
628-34-3388,Madrid,Fashion accessories,27.38,6,172.494,1/5/2019,8:54:00 PM
630-74-5166,Berlin,Sports and travel,62.13,6,391.419,3/22/2019,8:19:00 PM
588-01-7461,Madrid,Food and beverages,33.98,9,321.111,3/24/2019,10:43:00 AM
861-77-0145,Madrid,Electronic accessories,81.97,10,860.685,3/3/2019,2:30:00 PM
479-26-8945,Paris,Sports and travel,16.49,2,34.629,2/5/2019,11:32:00 AM
210-67-5886,Madrid,Health and beauty,98.21,3,309.3615,2/5/2019,10:41:00 AM
227-78-1148,Paris,Fashion accessories,72.84,7,535.374,2/15/2019,12:44:00 PM
645-44-1170,Berlin,Home and lifestyle,58.07,9,548.7615,1/19/2019,8:07:00 PM
237-01-6122,Madrid,Home and lifestyle,80.79,9,763.4655,2/1/2019,8:31:00 PM
225-98-1496,Madrid,Fashion accessories,27.02,3,85.113,3/2/2019,1:01:00 PM
291-32-1427,Paris,Fashion accessories,21.94,5,115.185,3/5/2019,12:29:00 PM
659-65-8956,Paris,Fashion accessories,51.36,1,53.928,1/16/2019,3:26:00 PM
642-32-2990,Berlin,Food and beverages,10.96,10,115.08,2/2/2019,8:48:00 PM
378-24-2715,Paris,Home and lifestyle,53.44,2,112.224,1/20/2019,8:38:00 PM
638-60-7125,Berlin,Electronic accessories,99.56,8,836.304,2/14/2019,5:03:00 PM
659-36-1684,Madrid,Sports and travel,57.12,7,419.832,1/12/2019,12:02:00 PM
219-22-9386,Paris,Sports and travel,99.96,9,944.622,3/9/2019,5:26:00 PM
336-78-2147,Madrid,Home and lifestyle,63.91,8,536.844,3/13/2019,7:52:00 PM
268-27-6179,Paris,Fashion accessories,56.47,8,474.348,3/9/2019,2:57:00 PM
668-90-8900,Berlin,Home and lifestyle,93.69,7,688.6215,3/10/2019,6:44:00 PM
870-54-3162,Berlin,Sports and travel,32.25,5,169.3125,1/27/2019,1:26:00 PM
189-08-9157,Madrid,Fashion accessories,31.73,9,299.8485,1/8/2019,4:17:00 PM
663-86-9076,Madrid,Food and beverages,68.54,8,575.736,1/8/2019,3:57:00 PM
549-84-7482,Paris,Sports and travel,90.28,9,853.146,2/8/2019,11:15:00 AM
191-10-6171,Paris,Fashion accessories,39.62,7,291.207,1/25/2019,1:18:00 PM
802-70-5316,Berlin,Sports and travel,92.13,6,580.419,3/6/2019,8:34:00 PM
695-51-0018,Paris,Sports and travel,34.84,4,146.328,2/10/2019,6:36:00 PM
590-83-4591,Paris,Electronic accessories,87.45,6,550.935,2/17/2019,2:40:00 PM
483-71-1164,Madrid,Health and beauty,81.3,6,512.19,3/8/2019,4:43:00 PM
597-78-7908,Madrid,Fashion accessories,90.22,3,284.193,2/18/2019,7:39:00 PM
700-81-1757,Berlin,Electronic accessories,26.31,5,138.1275,1/18/2019,8:59:00 PM
354-39-5160,Berlin,Home and lifestyle,34.42,6,216.846,2/18/2019,3:39:00 PM
241-72-9525,Paris,Sports and travel,51.91,10,545.055,2/16/2019,12:21:00 PM
575-30-8091,Berlin,Sports and travel,72.5,8,609,3/16/2019,7:25:00 PM
731-81-9469,Madrid,Sports and travel,89.8,10,942.9,1/23/2019,1:00:00 PM
280-17-4359,Madrid,Health and beauty,90.5,10,950.25,1/25/2019,1:48:00 PM
338-65-2210,Madrid,Health and beauty,68.6,10,720.3,2/5/2019,7:57:00 PM
488-25-4221,Madrid,Food and beverages,30.41,1,31.9305,2/22/2019,10:36:00 AM
239-10-7476,Berlin,Home and lifestyle,77.95,6,491.085,1/21/2019,4:37:00 PM
458-41-1477,Madrid,Health and beauty,46.26,6,291.438,3/8/2019,5:11:00 PM
685-64-1609,Berlin,Fashion accessories,30.14,10,316.47,2/10/2019,12:28:00 PM
568-90-5112,Madrid,Health and beauty,66.14,4,277.788,3/19/2019,12:46:00 PM
262-47-2794,Paris,Home and lifestyle,71.86,8,603.624,3/6/2019,3:07:00 PM
238-49-0436,Berlin,Health and beauty,32.46,8,272.664,3/27/2019,1:48:00 PM
608-96-3517,Paris,Fashion accessories,91.54,4,384.468,3/23/2019,7:20:00 PM
584-86-7256,Madrid,Sports and travel,34.56,7,254.016,3/11/2019,4:07:00 PM
746-94-0204,Berlin,Fashion accessories,83.24,9,786.618,1/29/2019,11:56:00 AM
214-17-6927,Madrid,Food and beverages,16.48,6,103.824,2/7/2019,6:23:00 PM
400-89-4171,Madrid,Sports and travel,80.97,8,680.148,1/28/2019,1:05:00 PM
782-95-9291,Berlin,Food and beverages,92.29,5,484.5225,2/20/2019,3:55:00 PM
279-74-2924,Paris,Electronic accessories,72.17,1,75.7785,1/4/2019,7:40:00 PM
307-85-2293,Paris,Home and lifestyle,50.28,5,263.97,3/7/2019,1:58:00 PM
743-04-1105,Paris,Health and beauty,97.22,9,918.729,3/30/2019,2:43:00 PM
423-57-2993,Paris,Sports and travel,93.39,6,588.357,3/27/2019,7:18:00 PM
894-41-5205,Madrid,Food and beverages,43.18,8,362.712,1/19/2019,7:39:00 PM
275-28-0149,Berlin,Sports and travel,63.69,1,66.8745,2/25/2019,4:21:00 PM
101-17-6199,Berlin,Food and beverages,45.79,7,336.5565,3/13/2019,7:44:00 PM
423-80-0988,Madrid,Sports and travel,76.4,2,160.44,1/30/2019,7:42:00 PM
548-46-9322,Paris,Food and beverages,39.9,10,418.95,2/20/2019,3:24:00 PM
505-02-0892,Paris,Health and beauty,42.57,8,357.588,2/25/2019,2:12:00 PM
234-65-2137,Madrid,Home and lifestyle,95.58,10,1003.59,1/16/2019,1:32:00 PM
687-47-8271,Berlin,Fashion accessories,98.98,10,1039.29,2/8/2019,4:20:00 PM
796-32-9050,Berlin,Food and beverages,51.28,6,323.064,1/19/2019,4:31:00 PM
105-31-1824,Berlin,Sports and travel,69.52,7,510.972,2/1/2019,3:10:00 PM
249-42-3782,Berlin,Health and beauty,70.01,5,367.5525,1/3/2019,11:36:00 AM
316-55-4634,Paris,Food and beverages,80.05,5,420.2625,1/26/2019,12:45:00 PM
733-33-4967,Madrid,Electronic accessories,20.85,8,175.14,3/3/2019,7:17:00 PM
608-27-6295,Paris,Electronic accessories,52.89,6,333.207,1/19/2019,5:34:00 PM
414-12-7047,Paris,Food and beverages,19.79,8,166.236,1/18/2019,12:04:00 PM
827-26-2100,Berlin,Home and lifestyle,33.84,9,319.788,3/21/2019,4:21:00 PM
175-54-2529,Berlin,Food and beverages,22.17,8,186.228,3/3/2019,5:01:00 PM
139-52-2867,Madrid,Fashion accessories,22.51,7,165.4485,2/13/2019,10:50:00 AM
407-63-8975,Berlin,Food and beverages,73.88,6,465.444,3/23/2019,7:16:00 PM
342-65-4817,Madrid,Health and beauty,86.8,3,273.42,1/28/2019,4:47:00 PM
130-98-8941,Madrid,Fashion accessories,64.26,7,472.311,2/9/2019,10:00:00 AM
434-83-9547,Madrid,Food and beverages,38.47,8,323.148,1/23/2019,11:51:00 AM
851-28-6367,Berlin,Sports and travel,15.5,10,162.75,3/23/2019,10:55:00 AM
824-88-3614,Madrid,Health and beauty,34.31,8,288.204,1/25/2019,3:00:00 PM
586-25-0848,Berlin,Sports and travel,12.34,7,90.699,3/4/2019,11:19:00 AM
895-66-0685,Paris,Food and beverages,18.08,3,56.952,3/5/2019,7:46:00 PM
305-14-0245,Paris,Home and lifestyle,94.49,8,793.716,3/3/2019,7:00:00 PM
732-04-5373,Paris,Home and lifestyle,46.47,4,195.174,2/8/2019,10:53:00 AM
400-60-7251,Berlin,Home and lifestyle,74.07,1,77.7735,2/10/2019,12:50:00 PM
593-65-1552,Madrid,Home and lifestyle,69.81,4,293.202,1/28/2019,8:50:00 PM
284-34-9626,Paris,Home and lifestyle,77.04,3,242.676,2/11/2019,10:39:00 AM
437-58-8131,Paris,Fashion accessories,73.52,2,154.392,1/15/2019,1:41:00 PM
286-43-6208,Madrid,Food and beverages,87.8,9,829.71,3/16/2019,7:08:00 PM
641-43-2399,Paris,Home and lifestyle,25.55,4,107.31,1/26/2019,8:23:00 PM
831-07-6050,Berlin,Electronic accessories,32.71,5,171.7275,3/19/2019,11:30:00 AM
556-86-3144,Madrid,Fashion accessories,74.29,1,78.0045,1/13/2019,7:30:00 PM
848-24-9445,Madrid,Health and beauty,43.7,2,91.77,3/26/2019,6:03:00 PM
856-22-8149,Berlin,Home and lifestyle,25.29,1,26.5545,3/23/2019,10:13:00 AM
699-01-4164,Madrid,Health and beauty,41.5,4,174.3,3/12/2019,7:58:00 PM
420-11-4919,Madrid,Food and beverages,71.39,5,374.7975,2/17/2019,7:57:00 PM
606-80-4905,Madrid,Sports and travel,19.15,6,120.645,1/29/2019,10:01:00 AM
542-41-0513,Paris,Electronic accessories,57.49,4,241.458,3/15/2019,11:57:00 AM
426-39-2418,Madrid,Electronic accessories,61.41,7,451.3635,1/14/2019,10:02:00 AM
875-46-5808,Paris,Health and beauty,25.9,10,271.95,2/6/2019,2:51:00 PM
394-43-4238,Paris,Home and lifestyle,17.77,5,93.2925,2/15/2019,12:42:00 PM
749-24-1565,Berlin,Health and beauty,23.03,9,217.6335,1/3/2019,12:02:00 PM
672-51-8681,Madrid,Electronic accessories,66.65,9,629.8425,1/4/2019,6:19:00 PM
263-87-5680,Madrid,Home and lifestyle,28.53,10,299.565,3/18/2019,5:38:00 PM
573-58-9734,Paris,Fashion accessories,30.37,3,95.6655,3/28/2019,1:41:00 PM
817-69-8206,Paris,Electronic accessories,99.73,9,942.4485,3/2/2019,7:42:00 PM
888-02-0338,Berlin,Electronic accessories,26.23,9,247.8735,1/25/2019,8:24:00 PM
677-11-0152,Madrid,Food and beverages,93.26,9,881.307,1/16/2019,6:08:00 PM
142-63-6033,Paris,Home and lifestyle,92.36,5,484.89,3/20/2019,7:17:00 PM
656-16-1063,Paris,Sports and travel,46.42,3,146.223,1/4/2019,1:24:00 PM
891-58-8335,Paris,Sports and travel,29.61,7,217.6335,3/11/2019,3:53:00 PM
802-43-8934,Berlin,Home and lifestyle,18.28,1,19.194,3/22/2019,3:05:00 PM
560-30-5617,Paris,Sports and travel,24.77,5,130.0425,3/24/2019,6:27:00 PM
319-74-2561,Berlin,Electronic accessories,94.64,3,298.116,2/21/2019,4:55:00 PM
549-03-9315,Paris,Fashion accessories,94.87,8,796.908,2/12/2019,12:58:00 PM
790-29-1172,Paris,Food and beverages,57.34,3,180.621,3/10/2019,6:59:00 PM
239-36-3640,Paris,Electronic accessories,45.35,6,285.705,1/31/2019,1:44:00 PM
468-01-2051,Paris,Food and beverages,62.08,7,456.288,3/6/2019,1:46:00 PM
389-25-3394,Madrid,Electronic accessories,11.81,5,62.0025,2/17/2019,6:06:00 PM
279-62-1445,Madrid,Fashion accessories,12.54,1,13.167,2/21/2019,12:38:00 PM
213-72-6612,Berlin,Food and beverages,43.25,2,90.825,3/20/2019,3:56:00 PM
746-68-6593,Madrid,Sports and travel,87.16,2,183.036,1/11/2019,2:29:00 PM
836-82-5858,Paris,Health and beauty,69.37,9,655.5465,1/26/2019,7:14:00 PM
583-72-1480,Madrid,Electronic accessories,37.06,4,155.652,1/31/2019,4:24:00 PM
466-61-5506,Paris,Electronic accessories,90.7,6,571.41,2/26/2019,10:52:00 AM
721-86-6247,Berlin,Home and lifestyle,63.42,8,532.728,3/11/2019,12:55:00 PM
289-65-5721,Paris,Fashion accessories,81.37,2,170.877,1/26/2019,7:28:00 PM
545-46-3100,Paris,Electronic accessories,10.59,3,33.3585,3/12/2019,1:52:00 PM
418-02-5978,Paris,Health and beauty,84.09,9,794.6505,2/11/2019,10:54:00 AM
269-04-5750,Paris,Fashion accessories,73.82,4,310.044,2/21/2019,6:31:00 PM
157-13-5295,Berlin,Health and beauty,51.94,10,545.37,3/9/2019,6:24:00 PM
645-78-8093,Berlin,Sports and travel,93.14,2,195.594,1/20/2019,6:09:00 PM
211-30-9270,Madrid,Health and beauty,17.41,5,91.4025,1/28/2019,3:16:00 PM
755-12-3214,Madrid,Fashion accessories,44.22,5,232.155,3/5/2019,5:07:00 PM
346-84-3103,Paris,Electronic accessories,13.22,5,69.405,3/2/2019,7:26:00 PM
478-06-7835,Berlin,Fashion accessories,89.69,1,94.1745,1/11/2019,11:20:00 AM
540-11-4336,Berlin,Food and beverages,24.94,9,235.683,1/11/2019,4:49:00 PM
448-81-5016,Berlin,Health and beauty,59.77,2,125.517,3/11/2019,12:01:00 PM
142-72-4741,Madrid,Fashion accessories,93.2,2,195.72,2/28/2019,6:37:00 PM
217-58-1179,Berlin,Home and lifestyle,62.65,4,263.13,1/5/2019,11:25:00 AM
376-02-8238,Paris,Home and lifestyle,93.87,8,788.508,2/2/2019,6:42:00 PM
530-90-9855,Berlin,Home and lifestyle,47.59,8,399.756,1/1/2019,2:47:00 PM
866-05-7563,Paris,Electronic accessories,81.4,3,256.41,2/9/2019,7:43:00 PM
604-70-6476,Berlin,Fashion accessories,17.94,5,94.185,1/23/2019,2:04:00 PM
799-71-1548,Berlin,Electronic accessories,77.72,4,326.424,1/7/2019,4:11:00 PM
785-13-7708,Paris,Food and beverages,73.06,7,536.991,1/14/2019,7:06:00 PM
845-51-0542,Paris,Food and beverages,46.55,9,439.8975,2/2/2019,3:34:00 PM
662-47-5456,Madrid,Fashion accessories,35.19,10,369.495,3/17/2019,7:06:00 PM
883-17-4236,Madrid,Sports and travel,14.39,2,30.219,3/2/2019,7:44:00 PM
290-68-2984,Berlin,Home and lifestyle,23.75,4,99.75,3/16/2019,11:22:00 AM
704-11-6354,Berlin,Home and lifestyle,58.9,8,494.76,1/6/2019,11:23:00 AM
110-48-7033,Paris,Fashion accessories,32.62,4,137.004,1/29/2019,2:12:00 PM
366-93-0948,Berlin,Electronic accessories,66.35,1,69.6675,1/31/2019,10:46:00 AM
729-09-9681,Berlin,Home and lifestyle,25.91,6,163.233,2/5/2019,10:16:00 AM
151-16-1484,Berlin,Electronic accessories,32.25,4,135.45,2/13/2019,12:38:00 PM
380-94-4661,Madrid,Electronic accessories,65.94,4,276.948,2/7/2019,1:05:00 PM
850-41-9669,Berlin,Electronic accessories,75.06,9,709.317,3/19/2019,1:25:00 PM
821-07-3596,Madrid,Fashion accessories,16.45,4,69.09,3/7/2019,2:53:00 PM
655-85-5130,Paris,Fashion accessories,38.3,4,160.86,3/13/2019,7:22:00 PM
447-15-7839,Berlin,Sports and travel,22.24,10,233.52,2/9/2019,11:00:00 AM
154-74-7179,Paris,Sports and travel,54.45,1,57.1725,2/26/2019,7:24:00 PM
253-12-6086,Berlin,Sports and travel,98.4,7,723.24,3/12/2019,12:43:00 PM
808-65-0703,Madrid,Home and lifestyle,35.47,4,148.974,3/14/2019,5:22:00 PM
571-94-0759,Paris,Food and beverages,74.6,10,783.3,1/8/2019,8:55:00 PM
144-51-6085,Berlin,Home and lifestyle,70.74,4,297.108,1/5/2019,4:05:00 PM
731-14-2199,Berlin,Home and lifestyle,35.54,10,373.17,1/4/2019,1:34:00 PM
783-09-1637,Paris,Sports and travel,67.43,5,354.0075,3/6/2019,6:13:00 PM
687-15-1097,Madrid,Health and beauty,21.12,2,44.352,1/3/2019,7:17:00 PM
126-54-1082,Berlin,Home and lifestyle,21.54,9,203.553,1/7/2019,11:44:00 AM
633-91-1052,Berlin,Home and lifestyle,12.03,2,25.263,1/27/2019,3:51:00 PM
477-24-6490,Paris,Health and beauty,99.71,6,628.173,2/26/2019,4:52:00 PM
566-19-5475,Paris,Fashion accessories,47.97,7,352.5795,1/7/2019,8:52:00 PM
526-86-8552,Madrid,Home and lifestyle,21.82,10,229.11,1/7/2019,5:36:00 PM
376-56-3573,Madrid,Fashion accessories,95.42,4,400.764,2/2/2019,1:23:00 PM
537-72-0426,Madrid,Fashion accessories,70.99,10,745.395,3/20/2019,4:28:00 PM
828-61-5674,Berlin,Sports and travel,44.02,10,462.21,3/20/2019,7:57:00 PM
136-08-6195,Berlin,Home and lifestyle,69.96,8,587.664,2/15/2019,5:01:00 PM
523-38-0215,Madrid,Home and lifestyle,37,1,38.85,3/6/2019,1:29:00 PM
490-29-1201,Berlin,Sports and travel,15.34,1,16.107,1/6/2019,11:09:00 AM
667-92-0055,Berlin,Health and beauty,99.83,6,628.929,3/4/2019,3:02:00 PM
565-17-3836,Berlin,Health and beauty,47.67,4,200.214,3/12/2019,2:21:00 PM
498-41-1961,Paris,Health and beauty,66.68,5,350.07,2/20/2019,6:01:00 PM
593-95-4461,Madrid,Home and lifestyle,74.86,1,78.603,3/24/2019,2:49:00 PM
226-71-3580,Madrid,Sports and travel,23.75,9,224.4375,1/31/2019,12:02:00 PM
283-79-9594,Paris,Food and beverages,48.51,7,356.5485,1/25/2019,1:30:00 PM
430-60-3493,Berlin,Home and lifestyle,94.88,7,697.368,2/3/2019,2:38:00 PM
139-20-0155,Paris,Electronic accessories,40.3,10,423.15,1/24/2019,5:37:00 PM
558-80-4082,Madrid,Electronic accessories,27.85,7,204.6975,3/14/2019,5:20:00 PM
278-97-7759,Berlin,Electronic accessories,62.48,1,65.604,2/18/2019,8:29:00 PM
316-68-6352,Berlin,Food and beverages,36.36,2,76.356,1/21/2019,10:00:00 AM
585-03-5943,Paris,Health and beauty,18.11,10,190.155,3/13/2019,11:46:00 AM
211-05-0490,Madrid,Electronic accessories,51.92,5,272.58,3/3/2019,1:42:00 PM
727-75-6477,Madrid,Electronic accessories,28.84,4,121.128,3/29/2019,2:44:00 PM
744-02-5987,Berlin,Home and lifestyle,78.38,6,493.794,1/10/2019,2:16:00 PM
307-83-9164,Berlin,Home and lifestyle,60.01,4,252.042,1/25/2019,3:54:00 PM
779-06-0012,Madrid,Home and lifestyle,88.61,1,93.0405,1/19/2019,10:21:00 AM
446-47-6729,Madrid,Fashion accessories,99.82,2,209.622,1/2/2019,6:09:00 PM
573-10-3877,Paris,Health and beauty,39.01,1,40.9605,3/12/2019,4:46:00 PM
735-06-4124,Madrid,Food and beverages,48.61,1,51.0405,2/25/2019,3:31:00 PM
439-54-7422,Berlin,Electronic accessories,51.19,4,214.998,3/18/2019,5:15:00 PM
396-90-2219,Paris,Electronic accessories,14.96,8,125.664,2/23/2019,12:29:00 PM
411-77-0180,Berlin,Electronic accessories,72.2,7,530.67,3/26/2019,8:14:00 PM
286-01-5402,Berlin,Sports and travel,40.23,7,295.6905,3/30/2019,1:22:00 PM
803-17-8013,Berlin,Home and lifestyle,88.79,8,745.836,2/17/2019,5:09:00 PM
512-98-1403,Berlin,Electronic accessories,26.48,3,83.412,3/21/2019,10:40:00 AM
848-42-2560,Berlin,Fashion accessories,81.91,2,172.011,3/5/2019,5:43:00 PM
532-59-7201,Paris,Sports and travel,79.93,6,503.559,1/31/2019,2:04:00 PM
181-94-6432,Madrid,Fashion accessories,69.33,2,145.593,2/5/2019,7:05:00 PM
870-76-1733,Berlin,Food and beverages,14.23,5,74.7075,2/1/2019,10:08:00 AM
423-64-4619,Berlin,Health and beauty,15.55,9,146.9475,3/7/2019,1:12:00 PM
227-07-4446,Madrid,Electronic accessories,78.13,10,820.365,2/10/2019,8:51:00 PM
174-36-3675,Madrid,Food and beverages,99.37,2,208.677,2/14/2019,5:29:00 PM
428-83-5800,Madrid,Food and beverages,21.08,3,66.402,2/9/2019,10:25:00 AM
603-07-0961,Madrid,Electronic accessories,74.79,5,392.6475,1/10/2019,11:34:00 AM
704-20-4138,Madrid,Health and beauty,29.67,7,218.0745,3/11/2019,6:58:00 PM
787-15-1757,Madrid,Health and beauty,44.07,4,185.094,2/18/2019,4:28:00 PM
649-11-3678,Madrid,Food and beverages,22.93,9,216.6885,2/26/2019,8:26:00 PM
622-20-1945,Madrid,Health and beauty,39.42,1,41.391,1/18/2019,3:08:00 PM
372-94-8041,Berlin,Health and beauty,15.26,6,96.138,2/15/2019,6:03:00 PM
563-91-7120,Berlin,Fashion accessories,61.77,5,324.2925,3/8/2019,1:21:00 PM
746-54-5508,Berlin,Home and lifestyle,21.52,6,135.576,1/17/2019,12:48:00 PM
276-54-0879,Paris,Sports and travel,97.74,4,410.508,3/12/2019,7:53:00 PM
815-11-1168,Berlin,Food and beverages,99.78,5,523.845,3/9/2019,7:09:00 PM
719-76-3868,Madrid,Food and beverages,94.26,4,395.892,3/12/2019,4:30:00 PM
730-61-8757,Paris,Health and beauty,51.13,4,214.746,1/25/2019,10:11:00 AM
340-66-0321,Berlin,Electronic accessories,36.36,4,152.712,3/25/2019,1:07:00 PM
868-81-1752,Paris,Home and lifestyle,22.02,9,208.089,2/7/2019,6:48:00 PM
634-97-8956,Berlin,Food and beverages,32.9,3,103.635,2/17/2019,5:27:00 PM
566-71-1091,Berlin,Fashion accessories,77.02,5,404.355,2/3/2019,3:59:00 PM
442-48-3607,Berlin,Food and beverages,23.48,2,49.308,3/14/2019,11:21:00 AM
835-16-0096,Madrid,Sports and travel,14.7,5,77.175,3/24/2019,1:48:00 PM
527-09-6272,Berlin,Electronic accessories,28.45,5,149.3625,3/21/2019,10:17:00 AM
898-04-2717,Berlin,Fashion accessories,76.4,9,721.98,3/19/2019,3:49:00 PM
692-27-8933,Paris,Sports and travel,57.95,6,365.085,2/24/2019,1:02:00 PM
633-09-3463,Madrid,Electronic accessories,47.65,3,150.0975,3/28/2019,12:58:00 PM
374-17-3652,Paris,Food and beverages,42.82,9,404.649,2/5/2019,3:26:00 PM
378-07-7001,Paris,Electronic accessories,48.09,3,151.4835,2/10/2019,6:23:00 PM
433-75-6987,Paris,Health and beauty,55.97,7,411.3795,3/5/2019,7:06:00 PM
873-95-4984,Paris,Health and beauty,76.9,7,565.215,2/15/2019,8:21:00 PM
416-13-5917,Madrid,Food and beverages,97.03,5,509.4075,1/30/2019,4:24:00 PM
150-89-8043,Berlin,Sports and travel,44.65,3,140.6475,2/14/2019,3:04:00 PM
135-84-8019,Berlin,Fashion accessories,77.93,9,736.4385,2/27/2019,4:10:00 PM
441-94-7118,Berlin,Electronic accessories,71.95,1,75.5475,2/4/2019,12:14:00 PM
725-96-3778,Madrid,Home and lifestyle,89.25,8,749.7,1/20/2019,10:13:00 AM
531-80-1784,Berlin,Electronic accessories,26.02,7,191.247,3/28/2019,5:38:00 PM
400-45-1220,Paris,Health and beauty,13.5,10,141.75,2/27/2019,11:06:00 AM
860-79-0874,Madrid,Fashion accessories,99.3,10,1042.65,2/15/2019,2:53:00 PM
834-61-8124,Berlin,Electronic accessories,51.69,7,379.9215,1/26/2019,6:22:00 PM
115-99-4379,Paris,Fashion accessories,54.73,7,402.2655,3/14/2019,7:02:00 PM
565-67-6697,Paris,Home and lifestyle,27,9,255.15,3/2/2019,2:16:00 PM
320-49-6392,Madrid,Electronic accessories,30.24,1,31.752,3/4/2019,3:44:00 PM
889-04-9723,Paris,Food and beverages,89.14,4,374.388,1/7/2019,12:20:00 PM
632-90-0281,Madrid,Fashion accessories,37.55,10,394.275,3/8/2019,8:01:00 PM
554-42-2417,Madrid,Sports and travel,95.44,10,1002.12,1/9/2019,1:45:00 PM
453-63-6187,Paris,Electronic accessories,27.5,3,86.625,3/1/2019,3:40:00 PM
578-80-7669,Paris,Sports and travel,74.97,1,78.7185,3/16/2019,4:58:00 PM
612-36-5536,Berlin,Food and beverages,80.96,8,680.064,2/17/2019,11:12:00 AM
605-72-4132,Madrid,Food and beverages,94.47,8,793.548,2/27/2019,3:12:00 PM
471-41-2823,Madrid,Food and beverages,99.79,2,209.559,3/7/2019,8:37:00 PM
462-67-9126,Berlin,Home and lifestyle,73.22,6,461.286,1/21/2019,5:44:00 PM
272-27-9238,Madrid,Food and beverages,41.24,4,173.208,2/19/2019,4:23:00 PM
834-25-9262,Madrid,Fashion accessories,81.68,4,343.056,1/6/2019,12:12:00 PM
122-61-9553,Madrid,Electronic accessories,51.32,9,484.974,3/14/2019,7:33:00 PM
468-88-0009,Berlin,Home and lifestyle,65.94,4,276.948,3/24/2019,10:29:00 AM
613-59-9758,Madrid,Sports and travel,14.36,10,150.78,1/27/2019,2:28:00 PM
254-31-0042,Berlin,Electronic accessories,21.5,9,203.175,3/6/2019,12:46:00 PM
201-86-2184,Paris,Electronic accessories,26.26,7,193.011,2/2/2019,7:40:00 PM
261-12-8671,Paris,Fashion accessories,60.96,2,128.016,1/25/2019,7:39:00 PM
730-70-9830,Madrid,Home and lifestyle,70.11,6,441.693,3/14/2019,5:54:00 PM
382-25-8917,Madrid,Fashion accessories,42.08,6,265.104,1/29/2019,12:25:00 PM
422-29-8786,Berlin,Home and lifestyle,67.09,5,352.2225,1/3/2019,4:47:00 PM
667-23-5919,Berlin,Fashion accessories,96.7,5,507.675,1/14/2019,12:52:00 PM
843-01-4703,Paris,Home and lifestyle,35.38,9,334.341,1/5/2019,7:50:00 PM
743-88-1662,Madrid,Sports and travel,95.49,7,701.8515,2/22/2019,6:17:00 PM
595-86-2894,Madrid,Fashion accessories,96.98,4,407.316,2/6/2019,5:20:00 PM
182-69-8360,Paris,Electronic accessories,23.65,4,99.33,1/30/2019,1:32:00 PM
289-15-7034,Berlin,Sports and travel,82.33,4,345.786,1/11/2019,10:37:00 AM
462-78-5240,Madrid,Electronic accessories,26.61,2,55.881,3/19/2019,2:35:00 PM
868-52-7573,Paris,Food and beverages,99.69,5,523.3725,1/14/2019,12:09:00 PM
153-58-4872,Madrid,Food and beverages,74.89,4,314.538,3/1/2019,3:32:00 PM
662-72-2873,Berlin,Food and beverages,40.94,5,214.935,1/6/2019,1:58:00 PM
525-88-7307,Paris,Sports and travel,75.82,1,79.611,1/31/2019,1:19:00 PM
689-16-9784,Madrid,Food and beverages,46.77,6,294.651,3/11/2019,1:37:00 PM
725-56-0833,Berlin,Health and beauty,32.32,10,339.36,2/20/2019,4:49:00 PM
394-41-0748,Madrid,Fashion accessories,54.07,9,510.9615,1/27/2019,2:55:00 PM
596-42-3999,Paris,Food and beverages,18.22,7,133.917,3/10/2019,2:04:00 PM
541-89-9860,Madrid,Fashion accessories,80.48,3,253.512,2/15/2019,12:31:00 PM
173-82-9529,Paris,Fashion accessories,37.95,10,398.475,1/26/2019,2:51:00 PM
563-36-9814,Berlin,Electronic accessories,76.82,1,80.661,2/13/2019,6:27:00 PM
308-47-4913,Berlin,Sports and travel,52.26,10,548.73,3/9/2019,12:45:00 PM
885-17-6250,Berlin,Health and beauty,79.74,1,83.727,3/6/2019,10:36:00 AM
726-27-2396,Berlin,Health and beauty,77.5,5,406.875,1/24/2019,8:36:00 PM
316-01-3952,Berlin,Food and beverages,54.27,5,284.9175,3/13/2019,2:16:00 PM
760-54-1821,Paris,Home and lifestyle,13.59,9,128.4255,3/15/2019,10:26:00 AM
793-10-3222,Paris,Health and beauty,41.06,6,258.678,3/5/2019,1:30:00 PM
346-12-3257,Paris,Electronic accessories,19.24,9,181.818,3/4/2019,4:28:00 PM
110-05-6330,Madrid,Food and beverages,39.43,6,248.409,3/25/2019,8:18:00 PM
651-61-0874,Madrid,Home and lifestyle,46.22,4,194.124,3/12/2019,8:04:00 PM
236-86-3015,Madrid,Home and lifestyle,13.98,1,14.679,2/4/2019,1:38:00 PM
831-64-0259,Paris,Fashion accessories,39.75,5,208.6875,2/22/2019,10:43:00 AM
587-03-7455,Madrid,Fashion accessories,97.79,7,718.7565,2/16/2019,5:30:00 PM
882-40-4577,Berlin,Sports and travel,67.26,4,282.492,1/19/2019,3:28:00 PM
732-67-5346,Berlin,Food and beverages,13.79,5,72.3975,1/11/2019,7:07:00 PM
725-32-9708,Paris,Fashion accessories,68.71,4,288.582,1/4/2019,7:01:00 PM
256-08-8343,Berlin,Home and lifestyle,56.53,4,237.426,3/4/2019,7:48:00 PM
372-26-1506,Madrid,Fashion accessories,23.82,5,125.055,1/28/2019,7:24:00 PM
244-08-0162,Paris,Health and beauty,34.21,10,359.205,1/2/2019,1:00:00 PM
569-71-4390,Paris,Sports and travel,21.87,2,45.927,1/25/2019,2:29:00 PM
132-23-6451,Berlin,Health and beauty,20.97,5,110.0925,1/4/2019,1:21:00 PM
696-90-2548,Berlin,Sports and travel,25.84,3,81.396,3/10/2019,6:55:00 PM
472-15-9636,Berlin,Home and lifestyle,50.93,8,427.812,3/22/2019,7:36:00 PM
268-03-6164,Paris,Health and beauty,96.11,1,100.9155,1/25/2019,4:28:00 PM
750-57-9686,Madrid,Home and lifestyle,45.38,4,190.596,1/8/2019,1:48:00 PM
186-09-3669,Madrid,Health and beauty,81.51,1,85.5855,1/22/2019,10:57:00 AM
848-07-1692,Paris,Health and beauty,57.22,2,120.162,1/12/2019,5:13:00 PM
745-71-3520,Berlin,Electronic accessories,25.22,7,185.367,2/4/2019,10:23:00 AM
266-76-6436,Madrid,Food and beverages,38.6,3,121.59,3/28/2019,1:57:00 PM
740-22-2500,Madrid,Electronic accessories,84.05,3,264.7575,1/23/2019,1:29:00 PM
271-88-8734,Madrid,Fashion accessories,97.21,10,1020.705,2/8/2019,1:00:00 PM
301-81-8610,Paris,Fashion accessories,25.42,8,213.528,3/19/2019,7:42:00 PM
489-64-4354,Madrid,Fashion accessories,16.28,1,17.094,3/9/2019,3:36:00 PM
198-84-7132,Paris,Fashion accessories,40.61,9,383.7645,1/2/2019,1:40:00 PM
269-10-8440,Berlin,Health and beauty,53.17,7,390.7995,1/21/2019,6:01:00 PM
650-98-6268,Paris,Food and beverages,20.87,3,65.7405,3/20/2019,1:53:00 PM
741-73-3559,Paris,Sports and travel,67.27,5,353.1675,2/27/2019,5:27:00 PM
325-77-6186,Berlin,Home and lifestyle,90.65,10,951.825,3/8/2019,10:53:00 AM
286-75-7818,Paris,Fashion accessories,69.08,2,145.068,1/31/2019,7:48:00 PM
574-57-9721,Madrid,Food and beverages,43.27,2,90.867,3/8/2019,4:53:00 PM
459-50-7686,Berlin,Electronic accessories,23.46,6,147.798,1/13/2019,7:14:00 PM
616-87-0016,Paris,Fashion accessories,95.54,7,702.219,3/9/2019,2:36:00 PM
837-55-7229,Paris,Fashion accessories,47.44,1,49.812,2/22/2019,6:19:00 PM
751-69-0068,Madrid,Sports and travel,99.24,9,937.818,3/19/2019,7:09:00 PM
257-73-1380,Madrid,Sports and travel,82.93,4,348.306,1/20/2019,4:51:00 PM
345-08-4992,Berlin,Home and lifestyle,33.99,6,214.137,3/8/2019,3:37:00 PM
549-96-4200,Madrid,Food and beverages,17.04,4,71.568,3/8/2019,8:15:00 PM
810-60-6344,Madrid,Electronic accessories,40.86,8,343.224,2/7/2019,2:38:00 PM
450-28-2866,Madrid,Food and beverages,17.44,5,91.56,1/15/2019,7:25:00 PM
394-30-3170,Paris,Sports and travel,88.43,8,742.812,3/22/2019,7:35:00 PM
138-17-5109,Berlin,Home and lifestyle,89.21,9,843.0345,1/15/2019,3:42:00 PM
192-98-7397,Madrid,Fashion accessories,12.78,1,13.419,1/8/2019,2:11:00 PM
301-11-9629,Berlin,Sports and travel,19.1,7,140.385,1/15/2019,10:43:00 AM
390-80-5128,Paris,Health and beauty,19.15,1,20.1075,1/28/2019,5:58:00 PM
235-46-8343,Madrid,Food and beverages,27.66,10,290.43,2/14/2019,11:26:00 AM
453-12-7053,Madrid,Fashion accessories,45.74,3,144.081,3/10/2019,5:38:00 PM
296-11-7041,Paris,Health and beauty,27.07,1,28.4235,1/12/2019,8:07:00 PM
449-27-2918,Paris,Sports and travel,39.12,1,41.076,3/26/2019,11:02:00 AM
891-01-7034,Paris,Electronic accessories,74.71,6,470.673,1/1/2019,7:07:00 PM
744-09-5786,Paris,Electronic accessories,22.01,6,138.663,1/2/2019,6:50:00 PM
727-17-0390,Berlin,Food and beverages,63.61,5,333.9525,3/16/2019,12:43:00 PM
568-88-3448,Berlin,Health and beauty,25,1,26.25,3/3/2019,3:09:00 PM
187-83-5490,Berlin,Electronic accessories,20.77,4,87.234,1/31/2019,1:47:00 PM
767-54-1907,Paris,Fashion accessories,29.56,5,155.19,2/13/2019,4:59:00 PM
710-46-4433,Paris,Food and beverages,77.4,9,731.43,2/15/2019,2:15:00 PM
533-33-5337,Paris,Electronic accessories,79.39,10,833.595,2/7/2019,8:24:00 PM
325-90-8763,Madrid,Electronic accessories,46.57,10,488.985,1/27/2019,1:58:00 PM
729-46-7422,Madrid,Food and beverages,35.89,1,37.6845,2/23/2019,4:52:00 PM
639-76-1242,Madrid,Food and beverages,40.52,5,212.73,2/3/2019,3:19:00 PM
234-03-4040,Paris,Food and beverages,73.05,10,767.025,3/3/2019,12:25:00 PM
326-71-2155,Madrid,Sports and travel,73.95,4,310.59,2/3/2019,10:02:00 AM
320-32-8842,Madrid,Food and beverages,22.62,1,23.751,3/17/2019,6:58:00 PM
470-32-9057,Berlin,Food and beverages,51.34,5,269.535,3/28/2019,3:31:00 PM
878-30-2331,Madrid,Sports and travel,54.55,10,572.775,3/2/2019,11:22:00 AM
440-59-5691,Madrid,Health and beauty,37.15,7,273.0525,2/8/2019,1:12:00 PM
554-53-3790,Paris,Sports and travel,37.02,6,233.226,3/22/2019,6:33:00 PM
746-19-0921,Madrid,Food and beverages,21.58,1,22.659,2/9/2019,10:02:00 AM
233-34-0817,Madrid,Electronic accessories,98.84,1,103.782,2/15/2019,11:21:00 AM
767-05-1286,Madrid,Home and lifestyle,83.77,6,527.751,1/23/2019,12:10:00 PM
340-21-9136,Berlin,Sports and travel,40.05,4,168.21,1/25/2019,11:40:00 AM
405-31-3305,Berlin,Fashion accessories,43.13,10,452.865,2/2/2019,6:31:00 PM
731-59-7531,Paris,Health and beauty,72.57,8,609.588,3/30/2019,5:58:00 PM
676-39-6028,Berlin,Electronic accessories,64.44,5,338.31,3/30/2019,5:04:00 PM
502-05-1910,Berlin,Health and beauty,65.18,3,205.317,2/25/2019,8:35:00 PM
485-30-8700,Berlin,Sports and travel,33.26,5,174.615,3/18/2019,4:10:00 PM
598-47-9715,Madrid,Electronic accessories,84.07,4,353.094,3/7/2019,4:54:00 PM
701-69-8742,Paris,Sports and travel,34.37,10,360.885,3/16/2019,10:11:00 AM
575-67-1508,Berlin,Electronic accessories,38.6,1,40.53,1/29/2019,11:26:00 AM
541-08-3113,Madrid,Food and beverages,65.97,8,554.148,2/2/2019,8:29:00 PM
246-11-3901,Madrid,Electronic accessories,32.8,10,344.4,2/15/2019,12:12:00 PM
674-15-9296,Berlin,Sports and travel,37.14,5,194.985,1/8/2019,1:05:00 PM
305-18-3552,Paris,Home and lifestyle,60.38,10,633.99,2/12/2019,4:19:00 PM
493-65-6248,Madrid,Sports and travel,36.98,10,388.29,1/1/2019,7:48:00 PM
438-01-4015,Paris,Sports and travel,49.49,4,207.858,3/21/2019,3:25:00 PM
709-58-4068,Paris,Fashion accessories,41.09,10,431.445,2/28/2019,2:42:00 PM
795-49-7276,Berlin,Fashion accessories,37.15,4,156.03,3/23/2019,6:59:00 PM
556-72-8512,Madrid,Home and lifestyle,22.96,1,24.108,1/30/2019,8:47:00 PM
627-95-3243,Paris,Home and lifestyle,77.68,9,734.076,2/4/2019,1:21:00 PM
686-41-0932,Paris,Fashion accessories,34.7,2,72.87,3/13/2019,7:48:00 PM
510-09-5628,Berlin,Fashion accessories,19.66,10,206.43,3/15/2019,6:20:00 PM
608-04-3797,Paris,Health and beauty,25.32,8,212.688,3/5/2019,8:24:00 PM
148-82-2527,Madrid,Home and lifestyle,12.12,10,127.26,3/5/2019,1:44:00 PM
437-53-3084,Paris,Fashion accessories,99.89,2,209.769,2/26/2019,11:48:00 AM
632-32-4574,Paris,Sports and travel,75.92,8,637.728,3/20/2019,2:14:00 PM
556-97-7101,Madrid,Electronic accessories,63.22,2,132.762,1/1/2019,3:51:00 PM
862-59-8517,Madrid,Food and beverages,90.24,6,568.512,1/27/2019,11:17:00 AM
401-18-8016,Paris,Sports and travel,98.13,1,103.0365,1/21/2019,5:36:00 PM
420-18-8989,Berlin,Sports and travel,51.52,8,432.768,2/2/2019,3:47:00 PM
277-63-2961,Paris,Sports and travel,73.97,1,77.6685,2/3/2019,3:53:00 PM
573-98-8548,Madrid,Fashion accessories,31.9,1,33.495,1/5/2019,12:40:00 PM
620-02-2046,Madrid,Home and lifestyle,69.4,2,145.74,1/27/2019,7:48:00 PM
282-35-2475,Paris,Sports and travel,93.31,2,195.951,3/25/2019,5:53:00 PM
511-54-3087,Paris,Sports and travel,88.45,1,92.8725,2/25/2019,4:36:00 PM
726-29-6793,Berlin,Electronic accessories,24.18,8,203.112,1/28/2019,8:54:00 PM
387-49-4215,Paris,Sports and travel,48.5,3,152.775,1/8/2019,12:50:00 PM
862-17-9201,Paris,Food and beverages,84.05,6,529.515,1/29/2019,10:48:00 AM
291-21-5991,Paris,Health and beauty,61.29,5,321.7725,3/29/2019,2:28:00 PM
602-80-9671,Madrid,Home and lifestyle,15.95,6,100.485,2/9/2019,5:15:00 PM
347-72-6115,Paris,Sports and travel,90.74,7,666.939,1/16/2019,6:03:00 PM
209-61-0206,Berlin,Home and lifestyle,42.91,5,225.2775,1/5/2019,5:29:00 PM
595-27-4851,Berlin,Fashion accessories,54.28,7,398.958,1/27/2019,6:05:00 PM
189-52-0236,Berlin,Electronic accessories,99.55,7,731.6925,3/14/2019,12:07:00 PM
503-07-0930,Madrid,Sports and travel,58.39,7,429.1665,2/23/2019,7:49:00 PM
413-20-6708,Madrid,Fashion accessories,51.47,1,54.0435,3/18/2019,3:52:00 PM
425-85-2085,Paris,Health and beauty,54.86,5,288.015,3/29/2019,4:48:00 PM
521-18-7827,Madrid,Home and lifestyle,39.39,5,206.7975,1/22/2019,8:46:00 PM
220-28-1851,Berlin,Home and lifestyle,34.73,2,72.933,3/1/2019,6:14:00 PM
600-38-9738,Madrid,Sports and travel,71.92,5,377.58,1/17/2019,3:05:00 PM
734-91-1155,Paris,Electronic accessories,45.71,3,143.9865,3/26/2019,10:34:00 AM
451-28-5717,Madrid,Home and lifestyle,83.17,6,523.971,3/20/2019,11:23:00 AM
609-81-8548,Berlin,Home and lifestyle,37.44,6,235.872,2/6/2019,1:55:00 PM
133-14-7229,Madrid,Health and beauty,62.87,2,132.027,1/1/2019,11:43:00 AM
534-01-4457,Berlin,Food and beverages,81.71,6,514.773,1/27/2019,2:36:00 PM
719-89-8991,Berlin,Sports and travel,91.41,5,479.9025,2/25/2019,4:03:00 PM
286-62-6248,Paris,Fashion accessories,39.21,4,164.682,1/16/2019,8:03:00 PM
339-38-9982,Paris,Fashion accessories,59.86,2,125.706,1/13/2019,2:55:00 PM
827-44-5872,Paris,Food and beverages,54.36,10,570.78,2/7/2019,11:28:00 AM
827-77-7633,Berlin,Sports and travel,98.09,9,926.9505,2/17/2019,7:41:00 PM
287-83-1405,Berlin,Health and beauty,25.43,6,160.209,2/12/2019,7:01:00 PM
435-13-4908,Berlin,Fashion accessories,86.68,8,728.112,1/24/2019,6:04:00 PM
857-67-9057,Paris,Electronic accessories,22.95,10,240.975,2/6/2019,7:20:00 PM
236-27-1144,Madrid,Food and beverages,16.31,9,154.1295,3/26/2019,10:31:00 AM
892-05-6689,Berlin,Home and lifestyle,28.32,5,148.68,3/11/2019,1:28:00 PM
583-41-4548,Madrid,Home and lifestyle,16.67,7,122.5245,2/7/2019,11:36:00 AM
339-12-4827,Paris,Fashion accessories,73.96,1,77.658,1/5/2019,11:32:00 AM
643-38-7867,Berlin,Home and lifestyle,97.94,1,102.837,3/7/2019,11:44:00 AM
308-81-0538,Berlin,Fashion accessories,73.05,4,306.81,2/25/2019,5:16:00 PM
358-88-9262,Madrid,Food and beverages,87.48,6,551.124,2/1/2019,6:43:00 PM
460-35-4390,Berlin,Home and lifestyle,30.68,3,96.642,1/22/2019,11:00:00 AM
343-87-0864,Madrid,Health and beauty,75.88,1,79.674,1/3/2019,10:30:00 AM
173-50-1108,Paris,Sports and travel,20.18,4,84.756,2/13/2019,12:14:00 PM
243-47-2663,Madrid,Electronic accessories,18.77,6,118.251,1/28/2019,4:43:00 PM
841-18-8232,Paris,Food and beverages,71.2,1,74.76,1/5/2019,8:40:00 PM
701-23-5550,Paris,Home and lifestyle,38.81,4,163.002,3/19/2019,1:40:00 PM
647-50-1224,Berlin,Fashion accessories,29.42,10,308.91,1/12/2019,4:23:00 PM
541-48-8554,Berlin,Sports and travel,60.95,9,575.9775,1/7/2019,12:08:00 PM
539-21-7227,Paris,Sports and travel,51.54,5,270.585,1/26/2019,5:45:00 PM
213-32-1216,Berlin,Electronic accessories,66.06,6,416.178,1/23/2019,10:28:00 AM
747-58-7183,Paris,Fashion accessories,57.27,3,180.4005,2/9/2019,8:31:00 PM
582-52-8065,Paris,Fashion accessories,54.31,9,513.2295,2/22/2019,10:49:00 AM
210-57-1719,Paris,Health and beauty,58.24,9,550.368,2/5/2019,12:34:00 PM
399-69-4630,Madrid,Electronic accessories,22.21,6,139.923,3/7/2019,10:23:00 AM
134-75-2619,Berlin,Electronic accessories,19.32,7,142.002,3/25/2019,6:51:00 PM
356-44-8813,Paris,Home and lifestyle,37.48,3,118.062,1/20/2019,1:45:00 PM
198-66-9832,Paris,Fashion accessories,72.04,2,151.284,2/4/2019,7:38:00 PM
283-26-5248,Madrid,Food and beverages,98.52,10,1034.46,1/30/2019,8:23:00 PM
712-39-0363,Berlin,Food and beverages,41.66,6,262.458,1/2/2019,3:24:00 PM
218-59-9410,Berlin,Home and lifestyle,72.42,3,228.123,3/29/2019,4:54:00 PM
174-75-0888,Paris,Electronic accessories,21.58,9,203.931,3/14/2019,12:32:00 PM
866-99-7614,Madrid,Food and beverages,89.2,10,936.6,2/11/2019,3:42:00 PM
134-54-4720,Paris,Electronic accessories,42.42,8,356.328,1/30/2019,1:58:00 PM
760-90-2357,Berlin,Electronic accessories,74.51,6,469.413,3/20/2019,3:08:00 PM
514-37-2845,Paris,Fashion accessories,99.25,2,208.425,3/20/2019,1:02:00 PM
698-98-5964,Berlin,Food and beverages,81.21,10,852.705,1/17/2019,1:01:00 PM
718-57-9773,Madrid,Sports and travel,49.33,10,517.965,2/3/2019,4:40:00 PM
651-88-7328,Berlin,Fashion accessories,65.74,9,621.243,1/1/2019,1:55:00 PM
241-11-2261,Paris,Fashion accessories,79.86,7,586.971,1/10/2019,10:33:00 AM
408-26-9866,Madrid,Sports and travel,73.98,7,543.753,3/2/2019,4:42:00 PM
834-83-1826,Paris,Home and lifestyle,82.04,5,430.71,2/25/2019,5:16:00 PM
343-61-3544,Paris,Sports and travel,26.67,10,280.035,1/29/2019,11:48:00 AM
239-48-4278,Berlin,Food and beverages,10.13,7,74.4555,3/10/2019,7:35:00 PM
355-34-6244,Paris,Food and beverages,72.39,2,152.019,1/13/2019,7:55:00 PM
550-84-8664,Berlin,Sports and travel,85.91,5,451.0275,3/22/2019,2:33:00 PM
339-96-8318,Paris,Fashion accessories,81.31,7,597.6285,3/1/2019,7:49:00 PM
458-61-0011,Paris,Food and beverages,60.3,4,253.26,2/20/2019,6:43:00 PM
592-34-6155,Madrid,Food and beverages,31.77,4,133.434,1/14/2019,2:43:00 PM
797-88-0493,Berlin,Health and beauty,64.27,4,269.934,3/26/2019,1:54:00 PM
207-73-1363,Paris,Health and beauty,69.51,2,145.971,3/1/2019,12:15:00 PM
390-31-6381,Madrid,Food and beverages,27.22,3,85.743,1/7/2019,12:37:00 PM
443-82-0585,Berlin,Health and beauty,77.68,4,326.256,2/1/2019,7:54:00 PM
339-18-7061,Madrid,Fashion accessories,92.98,2,195.258,2/13/2019,3:06:00 PM
359-90-3665,Paris,Fashion accessories,18.08,4,75.936,1/14/2019,6:03:00 PM
375-72-3056,Paris,Sports and travel,63.06,3,198.639,1/19/2019,3:58:00 PM
127-47-6963,Berlin,Health and beauty,51.71,4,217.182,3/9/2019,1:53:00 PM
278-86-2735,Berlin,Food and beverages,52.34,3,164.871,3/27/2019,2:03:00 PM
695-28-6250,Berlin,Sports and travel,43.06,5,226.065,2/4/2019,4:38:00 PM
379-17-6588,Madrid,Fashion accessories,59.61,10,625.905,3/14/2019,11:07:00 AM
227-50-3718,Berlin,Health and beauty,14.62,5,76.755,3/4/2019,12:23:00 PM
302-15-2162,Madrid,Health and beauty,46.53,6,293.139,3/3/2019,10:54:00 AM
788-07-8452,Madrid,Home and lifestyle,24.24,7,178.164,1/27/2019,5:38:00 PM
560-49-6611,Berlin,Sports and travel,45.58,1,47.859,2/7/2019,2:13:00 PM
880-35-0356,Berlin,Sports and travel,75.2,3,236.88,2/5/2019,11:51:00 AM
585-11-6748,Paris,Sports and travel,96.8,3,304.92,3/15/2019,1:05:00 PM
470-31-3286,Paris,Health and beauty,14.82,3,46.683,3/1/2019,11:30:00 AM
152-68-2907,Berlin,Food and beverages,52.2,3,164.43,2/15/2019,1:30:00 PM
123-35-4896,Madrid,Sports and travel,46.66,9,440.937,2/17/2019,7:11:00 PM
258-69-7810,Madrid,Fashion accessories,36.85,5,193.4625,1/26/2019,6:53:00 PM
334-64-2006,Berlin,Home and lifestyle,70.32,2,147.672,3/24/2019,2:22:00 PM
219-61-4139,Madrid,Electronic accessories,83.08,1,87.234,1/23/2019,5:16:00 PM
881-41-7302,Madrid,Fashion accessories,64.99,1,68.2395,1/26/2019,10:06:00 AM
373-09-4567,Madrid,Food and beverages,77.56,10,814.38,3/14/2019,8:35:00 PM
642-30-6693,Paris,Sports and travel,54.51,6,343.413,3/17/2019,1:54:00 PM
484-22-8230,Madrid,Fashion accessories,51.89,7,381.3915,1/8/2019,8:08:00 PM
830-58-2383,Paris,Home and lifestyle,31.75,4,133.35,2/8/2019,3:26:00 PM
559-98-9873,Berlin,Fashion accessories,53.65,7,394.3275,2/10/2019,12:56:00 PM
544-32-5024,Madrid,Food and beverages,49.79,4,209.118,3/28/2019,7:16:00 PM
318-12-0304,Berlin,Fashion accessories,30.61,1,32.1405,1/23/2019,12:20:00 PM
349-97-8902,Paris,Food and beverages,57.89,2,121.569,1/17/2019,10:37:00 AM
421-95-9805,Berlin,Electronic accessories,28.96,1,30.408,2/7/2019,10:18:00 AM
277-35-5865,Madrid,Food and beverages,98.97,9,935.2665,3/9/2019,11:23:00 AM
789-23-8625,Paris,Fashion accessories,93.22,3,293.643,1/24/2019,11:45:00 AM
284-54-4231,Madrid,Sports and travel,80.93,1,84.9765,1/19/2019,4:08:00 PM
443-59-0061,Berlin,Food and beverages,67.45,10,708.225,2/3/2019,11:25:00 AM
509-29-3912,Berlin,Sports and travel,38.72,9,365.904,3/20/2019,12:24:00 PM
327-40-9673,Paris,Sports and travel,72.6,6,457.38,1/13/2019,7:51:00 PM
840-19-2096,Madrid,Electronic accessories,87.91,5,461.5275,3/14/2019,6:10:00 PM
828-46-6863,Berlin,Food and beverages,98.53,6,620.739,1/23/2019,11:22:00 AM
641-96-3695,Madrid,Fashion accessories,43.46,6,273.798,2/7/2019,5:55:00 PM
420-97-3340,Berlin,Food and beverages,71.68,3,225.792,3/28/2019,3:30:00 PM
436-54-4512,Berlin,Food and beverages,91.61,1,96.1905,3/20/2019,7:44:00 PM
670-79-6321,Paris,Home and lifestyle,94.59,7,695.2365,1/17/2019,3:27:00 PM
852-62-7105,Paris,Fashion accessories,83.25,10,874.125,1/12/2019,11:25:00 AM
598-06-7312,Paris,Fashion accessories,91.35,1,95.9175,2/16/2019,3:42:00 PM
135-13-8269,Paris,Food and beverages,78.88,2,165.648,1/26/2019,4:04:00 PM
816-57-2053,Berlin,Sports and travel,60.87,2,127.827,3/9/2019,12:37:00 PM
628-90-8624,Paris,Health and beauty,82.58,10,867.09,3/14/2019,2:41:00 PM
856-66-2701,Berlin,Home and lifestyle,53.3,3,167.895,1/25/2019,2:19:00 PM
308-39-1707,Berlin,Fashion accessories,12.09,1,12.6945,1/26/2019,6:19:00 PM
149-61-1929,Berlin,Sports and travel,64.19,10,673.995,1/19/2019,2:08:00 PM
655-07-2265,Berlin,Electronic accessories,78.31,3,246.6765,3/5/2019,4:38:00 PM
589-02-8023,Berlin,Food and beverages,83.77,2,175.917,1/15/2019,10:54:00 AM
420-04-7590,Paris,Home and lifestyle,99.7,3,314.055,3/18/2019,11:29:00 AM
182-88-2763,Paris,Food and beverages,79.91,3,251.7165,3/20/2019,7:28:00 PM
188-55-0967,Paris,Health and beauty,66.47,10,697.935,1/15/2019,3:01:00 PM
610-46-4100,Berlin,Health and beauty,28.95,7,212.7825,3/3/2019,8:31:00 PM
318-81-2368,Madrid,Electronic accessories,46.2,1,48.51,3/19/2019,12:16:00 PM
364-33-8584,Paris,Food and beverages,17.63,5,92.5575,3/8/2019,3:27:00 PM
665-63-9737,Paris,Fashion accessories,52.42,3,165.123,2/27/2019,5:36:00 PM
695-09-5146,Paris,Food and beverages,98.79,3,311.1885,2/23/2019,8:00:00 PM
155-45-3814,Madrid,Electronic accessories,88.55,8,743.82,3/19/2019,3:29:00 PM
794-32-2436,Paris,Electronic accessories,55.67,2,116.907,3/27/2019,3:08:00 PM
131-15-8856,Madrid,Food and beverages,72.52,8,609.168,3/30/2019,7:26:00 PM
273-84-2164,Madrid,Electronic accessories,12.05,5,63.2625,2/16/2019,3:53:00 PM
706-36-6154,Berlin,Home and lifestyle,19.36,9,182.952,1/18/2019,6:43:00 PM
778-89-7974,Madrid,Health and beauty,70.21,6,442.323,3/30/2019,2:58:00 PM
574-31-8277,Paris,Fashion accessories,33.63,1,35.3115,3/20/2019,7:55:00 PM
859-71-0933,Madrid,Sports and travel,15.49,2,32.529,1/16/2019,3:10:00 PM
740-11-5257,Madrid,Electronic accessories,24.74,10,259.77,2/24/2019,4:44:00 PM
369-82-2676,Paris,Electronic accessories,75.66,5,397.215,1/15/2019,6:22:00 PM
563-47-4072,Paris,Health and beauty,55.81,6,351.603,1/22/2019,11:52:00 AM
742-04-5161,Berlin,Home and lifestyle,72.78,10,764.19,2/3/2019,5:24:00 PM
149-15-7606,Paris,Sports and travel,37.32,9,352.674,3/6/2019,3:31:00 PM
133-77-3154,Paris,Fashion accessories,60.18,4,252.756,2/16/2019,6:04:00 PM
169-52-4504,Berlin,Electronic accessories,15.69,3,49.4235,3/14/2019,2:13:00 PM
250-81-7186,Madrid,Electronic accessories,99.69,1,104.6745,2/27/2019,10:23:00 AM
562-12-5430,Berlin,Fashion accessories,88.15,3,277.6725,1/18/2019,10:11:00 AM
816-72-8853,Berlin,Sports and travel,27.93,5,146.6325,1/29/2019,3:48:00 PM
491-38-3499,Berlin,Fashion accessories,55.45,1,58.2225,2/26/2019,5:46:00 PM
322-02-2271,Paris,Sports and travel,42.97,3,135.3555,2/3/2019,11:46:00 AM
842-29-4695,Madrid,Sports and travel,17.14,7,125.979,1/16/2019,12:07:00 PM
725-67-2480,Paris,Fashion accessories,58.75,6,370.125,3/24/2019,6:14:00 PM
641-51-2661,Madrid,Food and beverages,87.1,10,914.55,2/12/2019,2:45:00 PM
714-02-3114,Madrid,Sports and travel,98.8,2,207.48,2/21/2019,11:39:00 AM
518-17-2983,Berlin,Fashion accessories,48.63,4,204.246,2/4/2019,3:44:00 PM
779-42-2410,Paris,Food and beverages,57.74,3,181.881,2/20/2019,1:06:00 PM
190-14-3147,Paris,Health and beauty,17.97,4,75.474,2/23/2019,8:43:00 PM
408-66-6712,Madrid,Health and beauty,47.71,6,300.573,2/16/2019,2:19:00 PM
679-22-6530,Paris,Sports and travel,40.62,2,85.302,1/17/2019,10:01:00 AM
588-47-8641,Berlin,Fashion accessories,56.04,10,588.42,1/14/2019,7:30:00 PM
642-61-4706,Paris,Food and beverages,93.4,2,196.14,3/30/2019,4:34:00 PM
576-31-4774,Paris,Health and beauty,73.41,3,231.2415,3/2/2019,1:10:00 PM
556-41-6224,Madrid,Health and beauty,33.64,8,282.576,2/15/2019,5:10:00 PM
811-03-8790,Berlin,Electronic accessories,45.48,10,477.54,3/1/2019,10:22:00 AM
242-11-3142,Paris,Fashion accessories,83.77,2,175.917,2/24/2019,7:57:00 PM
752-23-3760,Paris,Sports and travel,64.08,7,470.988,2/19/2019,7:29:00 PM
274-05-5470,Berlin,Food and beverages,73.47,4,308.574,2/23/2019,6:30:00 PM
648-94-3045,Madrid,Health and beauty,58.95,10,618.975,2/7/2019,2:27:00 PM
130-67-4723,Berlin,Food and beverages,48.5,6,305.55,1/11/2019,1:57:00 PM
528-87-5606,Paris,Electronic accessories,39.48,1,41.454,2/12/2019,7:43:00 PM
320-85-2052,Paris,Sports and travel,34.81,1,36.5505,1/14/2019,10:11:00 AM
370-96-0655,Madrid,Fashion accessories,49.32,6,310.716,1/9/2019,1:46:00 PM
105-10-6182,Berlin,Fashion accessories,21.48,2,45.108,2/27/2019,12:22:00 PM
510-79-0415,Paris,Sports and travel,23.08,6,145.404,1/24/2019,7:20:00 PM
241-96-5076,Paris,Home and lifestyle,49.1,2,103.11,1/8/2019,12:58:00 PM
767-97-4650,Paris,Sports and travel,64.83,2,136.143,1/8/2019,11:59:00 AM
648-83-1321,Berlin,Home and lifestyle,63.56,10,667.38,1/16/2019,5:59:00 PM
173-57-2300,Madrid,Sports and travel,72.88,2,153.048,3/13/2019,12:51:00 PM
305-03-2383,Berlin,Food and beverages,67.1,3,211.365,2/15/2019,10:36:00 AM
394-55-6384,Madrid,Sports and travel,70.19,9,663.2955,1/25/2019,1:38:00 PM
266-20-6657,Madrid,Food and beverages,55.04,7,404.544,3/12/2019,7:39:00 PM
689-05-1884,Berlin,Health and beauty,48.63,10,510.615,3/4/2019,12:44:00 PM
196-01-2849,Madrid,Fashion accessories,73.38,7,539.343,2/10/2019,1:56:00 PM
372-62-5264,Madrid,Food and beverages,52.6,9,497.07,1/16/2019,2:42:00 PM
800-09-8606,Berlin,Home and lifestyle,87.37,5,458.6925,1/29/2019,7:45:00 PM
182-52-7000,Berlin,Sports and travel,27.04,4,113.568,1/1/2019,8:26:00 PM
826-58-8051,Paris,Home and lifestyle,62.19,4,261.198,1/6/2019,7:46:00 PM
868-06-0466,Berlin,Electronic accessories,69.58,9,657.531,2/19/2019,7:38:00 PM
751-41-9720,Madrid,Home and lifestyle,97.5,10,1023.75,1/12/2019,4:18:00 PM
626-43-7888,Madrid,Fashion accessories,60.41,8,507.444,2/7/2019,12:23:00 PM
176-64-7711,Paris,Food and beverages,32.32,3,101.808,3/27/2019,7:11:00 PM
191-29-0321,Paris,Fashion accessories,19.77,10,207.585,2/27/2019,6:57:00 PM
729-06-2010,Paris,Health and beauty,80.47,9,760.4415,1/6/2019,11:18:00 AM
640-48-5028,Paris,Home and lifestyle,88.39,9,835.2855,3/2/2019,12:40:00 PM
186-79-9562,Paris,Health and beauty,71.77,7,527.5095,3/29/2019,2:06:00 PM
834-45-5519,Paris,Electronic accessories,43,4,180.6,1/31/2019,8:48:00 PM
162-65-8559,Madrid,Food and beverages,68.98,1,72.429,1/21/2019,8:13:00 PM
760-27-5490,Madrid,Fashion accessories,15.62,8,131.208,1/20/2019,8:37:00 PM
445-30-9252,Berlin,Sports and travel,25.7,3,80.955,1/17/2019,5:59:00 PM
786-94-2700,Berlin,Food and beverages,80.62,6,507.906,2/28/2019,8:18:00 PM
728-88-7867,Madrid,Home and lifestyle,75.53,4,317.226,3/19/2019,3:52:00 PM
183-21-3799,Madrid,Electronic accessories,77.63,9,733.6035,2/19/2019,3:14:00 PM
268-20-3585,Madrid,Health and beauty,13.85,9,130.8825,2/4/2019,12:50:00 PM
735-32-9839,Madrid,Fashion accessories,98.7,8,829.08,1/31/2019,10:36:00 AM
258-92-7466,Berlin,Health and beauty,35.68,5,187.32,2/6/2019,6:33:00 PM
857-16-3520,Berlin,Fashion accessories,71.46,7,525.231,3/28/2019,4:06:00 PM
482-17-1179,Berlin,Electronic accessories,11.94,3,37.611,1/19/2019,12:47:00 PM
788-21-5741,Berlin,Fashion accessories,45.38,3,142.947,2/17/2019,1:34:00 PM
821-14-9046,Paris,Fashion accessories,17.48,6,110.124,1/18/2019,3:04:00 PM
418-05-0656,Paris,Fashion accessories,25.56,7,187.866,2/2/2019,8:42:00 PM
678-79-0726,Madrid,Sports and travel,90.63,9,856.4535,1/18/2019,3:28:00 PM
776-68-1096,Paris,Home and lifestyle,44.12,3,138.978,3/18/2019,1:45:00 PM
592-46-1692,Madrid,Food and beverages,36.77,7,270.2595,1/11/2019,8:10:00 PM
434-35-9162,Paris,Food and beverages,23.34,4,98.028,2/4/2019,6:53:00 PM
149-14-0304,Madrid,Health and beauty,28.5,8,239.4,2/6/2019,2:24:00 PM
442-44-6497,Madrid,Home and lifestyle,55.57,3,175.0455,1/8/2019,11:42:00 AM
174-64-0215,Paris,Sports and travel,69.74,10,732.27,3/5/2019,5:49:00 PM
210-74-9613,Madrid,Fashion accessories,97.26,4,408.492,3/16/2019,3:33:00 PM
299-29-0180,Paris,Home and lifestyle,52.18,7,383.523,3/9/2019,10:54:00 AM
247-11-2470,Berlin,Fashion accessories,22.32,4,93.744,3/1/2019,4:23:00 PM
635-28-5728,Berlin,Health and beauty,56,3,176.4,2/28/2019,7:33:00 PM
756-49-0168,Berlin,Fashion accessories,19.7,1,20.685,2/8/2019,11:39:00 AM
438-23-1242,Paris,Electronic accessories,75.88,7,557.718,1/24/2019,10:38:00 AM
238-45-6950,Paris,Food and beverages,53.72,1,56.406,3/1/2019,8:03:00 PM
607-65-2441,Madrid,Health and beauty,81.95,10,860.475,3/10/2019,12:39:00 PM
386-27-7606,Madrid,Home and lifestyle,81.2,7,596.82,3/23/2019,3:59:00 PM
137-63-5492,Madrid,Electronic accessories,58.76,10,616.98,1/29/2019,2:26:00 PM
197-77-7132,Paris,Electronic accessories,91.56,8,769.104,1/12/2019,6:22:00 PM
805-86-0265,Berlin,Home and lifestyle,93.96,9,887.922,3/20/2019,11:32:00 AM
733-29-1227,Madrid,Home and lifestyle,55.61,7,408.7335,3/23/2019,12:41:00 PM
451-73-2711,Madrid,Food and beverages,84.83,1,89.0715,1/14/2019,3:20:00 PM
373-14-0504,Berlin,Sports and travel,71.63,2,150.423,2/12/2019,2:33:00 PM
546-80-2899,Berlin,Home and lifestyle,37.69,2,79.149,2/20/2019,3:29:00 PM
345-68-9016,Madrid,Sports and travel,31.67,8,266.028,1/2/2019,4:19:00 PM
390-17-5806,Madrid,Food and beverages,38.42,1,40.341,2/2/2019,4:33:00 PM
457-13-1708,Paris,Fashion accessories,65.23,10,684.915,1/8/2019,7:07:00 PM
664-14-2882,Madrid,Home and lifestyle,10.53,5,55.2825,1/30/2019,2:43:00 PM
487-79-6868,Paris,Home and lifestyle,12.29,9,116.1405,3/26/2019,7:28:00 PM
314-23-4520,Madrid,Health and beauty,81.23,7,597.0405,1/15/2019,8:44:00 PM
210-30-7976,Paris,Fashion accessories,22.32,4,93.744,3/14/2019,11:16:00 AM
585-86-8361,Berlin,Food and beverages,27.28,5,143.22,2/3/2019,10:31:00 AM
807-14-7833,Berlin,Electronic accessories,17.42,10,182.91,2/22/2019,12:30:00 PM
775-72-1988,Paris,Home and lifestyle,73.28,5,384.72,1/24/2019,3:05:00 PM
288-38-3758,Madrid,Fashion accessories,84.87,3,267.3405,1/25/2019,6:30:00 PM
652-43-6591,Berlin,Fashion accessories,97.29,8,817.236,3/9/2019,1:18:00 PM
785-96-0615,Paris,Electronic accessories,35.74,8,300.216,2/17/2019,3:28:00 PM
406-46-7107,Berlin,Home and lifestyle,96.52,6,608.076,1/11/2019,11:52:00 AM
250-17-5703,Berlin,Food and beverages,18.85,10,197.925,2/27/2019,6:24:00 PM
156-95-3964,Berlin,Food and beverages,55.39,4,232.638,3/25/2019,3:19:00 PM
842-40-8179,Paris,Food and beverages,77.2,10,810.6,2/11/2019,10:38:00 AM
525-09-8450,Paris,Electronic accessories,72.13,10,757.365,1/31/2019,3:12:00 PM
410-67-1709,Berlin,Fashion accessories,63.88,8,536.592,1/20/2019,5:48:00 PM
587-73-4862,Berlin,Health and beauty,10.69,5,56.1225,3/26/2019,11:07:00 AM
787-87-2010,Berlin,Health and beauty,55.5,4,233.1,1/20/2019,3:48:00 PM
593-14-4239,Paris,Home and lifestyle,95.46,8,801.864,3/5/2019,7:40:00 PM
801-88-0346,Madrid,Fashion accessories,76.06,3,239.589,1/5/2019,8:30:00 PM
388-76-2555,Paris,Sports and travel,13.69,6,86.247,2/13/2019,1:59:00 PM
711-31-1234,Paris,Electronic accessories,95.64,4,401.688,3/16/2019,6:51:00 PM
886-54-6089,Berlin,Home and lifestyle,11.43,6,72.009,1/15/2019,5:24:00 PM
707-32-7409,Paris,Sports and travel,95.54,4,401.268,2/26/2019,11:58:00 AM
759-98-4285,Madrid,Health and beauty,85.87,7,631.1445,2/27/2019,7:01:00 PM
201-63-8275,Madrid,Sports and travel,67.99,7,499.7265,2/17/2019,4:50:00 PM
471-06-8611,Madrid,Food and beverages,52.42,1,55.041,2/6/2019,10:22:00 AM
200-16-5952,Madrid,Food and beverages,65.65,2,137.865,1/17/2019,4:46:00 PM
120-54-2248,Paris,Food and beverages,28.86,5,151.515,1/22/2019,6:08:00 PM
102-77-2261,Madrid,Health and beauty,65.31,7,480.0285,3/5/2019,6:02:00 PM
875-31-8302,Paris,Sports and travel,93.38,1,98.049,1/3/2019,1:07:00 PM
102-06-2002,Madrid,Sports and travel,25.25,5,132.5625,3/20/2019,5:52:00 PM
457-94-0464,Paris,Electronic accessories,87.87,9,830.3715,1/31/2019,8:32:00 PM
629-42-4133,Madrid,Health and beauty,21.8,8,183.12,2/19/2019,7:24:00 PM
534-53-3526,Berlin,Sports and travel,94.76,4,397.992,2/11/2019,4:06:00 PM
307-04-2070,Berlin,Fashion accessories,30.62,1,32.151,2/5/2019,2:14:00 PM
468-99-7231,Madrid,Home and lifestyle,44.01,8,369.684,3/3/2019,5:36:00 PM
516-77-6464,Madrid,Health and beauty,10.16,5,53.34,2/24/2019,1:08:00 PM
404-91-5964,Berlin,Electronic accessories,74.58,7,548.163,2/4/2019,4:09:00 PM
886-77-9084,Madrid,Electronic accessories,71.89,8,603.876,2/19/2019,11:33:00 AM
790-38-4466,Madrid,Health and beauty,10.99,5,57.6975,1/23/2019,10:18:00 AM
704-10-4056,Madrid,Health and beauty,60.47,3,190.4805,1/14/2019,10:55:00 AM
497-37-6538,Berlin,Sports and travel,58.91,7,432.9885,1/17/2019,3:15:00 PM
651-96-5970,Berlin,Fashion accessories,46.41,1,48.7305,3/3/2019,8:06:00 PM
400-80-4065,Madrid,Health and beauty,68.55,4,287.91,2/15/2019,8:21:00 PM
744-16-7898,Paris,Home and lifestyle,97.37,10,1022.385,1/15/2019,1:48:00 PM
263-12-5321,Berlin,Electronic accessories,92.6,7,680.61,2/27/2019,12:52:00 PM
702-72-0487,Berlin,Electronic accessories,46.61,2,97.881,2/26/2019,12:28:00 PM
605-83-1050,Paris,Fashion accessories,27.18,2,57.078,3/15/2019,4:26:00 PM
443-60-9639,Madrid,Home and lifestyle,60.87,1,63.9135,1/24/2019,1:24:00 PM
864-24-7918,Berlin,Sports and travel,24.49,10,257.145,2/22/2019,3:15:00 PM
359-94-5395,Paris,Health and beauty,92.78,1,97.419,3/15/2019,10:50:00 AM
401-09-4232,Madrid,Home and lifestyle,86.69,5,455.1225,2/11/2019,6:38:00 PM
751-15-6198,Paris,Sports and travel,23.01,6,144.963,1/12/2019,4:45:00 PM
324-41-6833,Madrid,Electronic accessories,30.2,8,253.68,3/3/2019,7:30:00 PM
474-33-8305,Madrid,Fashion accessories,67.39,7,495.3165,3/23/2019,1:23:00 PM
759-29-9521,Berlin,Fashion accessories,48.96,9,462.672,3/4/2019,11:27:00 AM
831-81-6575,Paris,Electronic accessories,75.59,9,714.3255,2/23/2019,11:12:00 AM
220-68-6701,Berlin,Home and lifestyle,77.47,4,325.374,3/17/2019,4:36:00 PM
618-34-8551,Berlin,Sports and travel,93.18,2,195.678,1/16/2019,6:41:00 PM
257-60-7754,Berlin,Electronic accessories,50.23,4,210.966,1/8/2019,5:12:00 PM
559-61-5987,Paris,Health and beauty,17.75,1,18.6375,1/14/2019,10:38:00 AM
189-55-2313,Madrid,Fashion accessories,62.18,10,652.89,1/31/2019,10:33:00 AM
565-91-4567,Paris,Health and beauty,10.75,8,90.3,3/15/2019,2:38:00 PM
380-60-5336,Berlin,Electronic accessories,40.26,10,422.73,2/24/2019,6:06:00 PM
815-04-6282,Madrid,Sports and travel,64.97,5,341.0925,2/8/2019,12:52:00 PM
674-56-6360,Berlin,Electronic accessories,95.15,1,99.9075,3/22/2019,2:00:00 PM
778-34-2523,Berlin,Electronic accessories,48.62,8,408.408,1/24/2019,10:57:00 AM
499-27-7781,Paris,Food and beverages,53.21,8,446.964,3/14/2019,4:45:00 PM
477-59-2456,Madrid,Fashion accessories,45.44,7,333.984,1/23/2019,11:15:00 AM
832-51-6761,Berlin,Food and beverages,33.88,8,284.592,1/19/2019,8:29:00 PM
869-11-3082,Paris,Health and beauty,96.16,4,403.872,1/27/2019,8:03:00 PM
190-59-3964,Paris,Food and beverages,47.16,5,247.59,2/3/2019,2:35:00 PM
366-43-6862,Paris,Electronic accessories,52.89,4,222.138,3/25/2019,4:32:00 PM
186-43-8965,Berlin,Home and lifestyle,47.68,2,100.128,2/24/2019,10:10:00 AM
784-21-9238,Madrid,Sports and travel,10.17,1,10.6785,2/7/2019,2:15:00 PM
276-75-6884,Berlin,Health and beauty,68.71,3,216.4365,3/4/2019,10:05:00 AM
109-86-4363,Paris,Sports and travel,60.08,7,441.588,2/14/2019,11:36:00 AM
569-76-2760,Berlin,Sports and travel,22.01,4,92.442,1/29/2019,6:15:00 PM
222-42-0244,Paris,Health and beauty,72.11,9,681.4395,1/28/2019,1:53:00 PM
760-53-9233,Berlin,Fashion accessories,41.28,3,130.032,3/26/2019,6:37:00 PM
538-22-0304,Madrid,Electronic accessories,64.95,10,681.975,3/24/2019,6:27:00 PM
416-17-9926,Berlin,Electronic accessories,74.22,10,779.31,1/1/2019,2:42:00 PM
237-44-6163,Berlin,Electronic accessories,10.56,8,88.704,1/24/2019,5:43:00 PM
636-17-0325,Paris,Health and beauty,62.57,4,262.794,2/25/2019,6:37:00 PM
343-75-9322,Paris,Sports and travel,11.85,8,99.54,1/9/2019,4:34:00 PM
528-14-9470,Berlin,Health and beauty,91.3,1,95.865,2/14/2019,2:42:00 PM
427-45-9297,Paris,Home and lifestyle,40.73,7,299.3655,3/12/2019,11:01:00 AM
807-34-3742,Berlin,Fashion accessories,52.38,1,54.999,3/26/2019,7:44:00 PM
288-62-1085,Berlin,Fashion accessories,38.54,5,202.335,1/9/2019,1:34:00 PM
670-71-7306,Paris,Sports and travel,44.63,6,281.169,1/2/2019,8:08:00 PM
660-29-7083,Madrid,Electronic accessories,55.87,10,586.635,1/15/2019,3:01:00 PM
271-77-8740,Madrid,Sports and travel,29.22,6,184.086,1/1/2019,11:40:00 AM
497-36-0989,Berlin,Fashion accessories,51.94,3,163.611,2/15/2019,3:21:00 PM
291-59-1384,Paris,Electronic accessories,60.3,1,63.315,2/28/2019,5:38:00 PM
860-73-6466,Berlin,Sports and travel,39.47,2,82.887,3/2/2019,4:16:00 PM
549-23-9016,Madrid,Food and beverages,14.87,2,31.227,2/13/2019,6:15:00 PM
896-34-0956,Berlin,Fashion accessories,21.32,1,22.386,1/26/2019,12:43:00 PM
804-38-3935,Berlin,Electronic accessories,93.78,3,295.407,1/30/2019,11:32:00 AM
585-90-0249,Berlin,Electronic accessories,73.26,1,76.923,1/27/2019,6:08:00 PM
862-29-5914,Madrid,Sports and travel,22.38,1,23.499,1/30/2019,5:08:00 PM
845-94-6841,Madrid,Food and beverages,72.88,9,688.716,1/8/2019,7:38:00 PM
125-45-2293,Berlin,Fashion accessories,99.1,6,624.33,1/19/2019,1:11:00 PM
843-73-4724,Berlin,Fashion accessories,74.1,1,77.805,1/25/2019,11:05:00 AM
409-33-9708,Berlin,Fashion accessories,98.48,2,206.808,2/19/2019,10:12:00 AM
658-66-3967,Madrid,Health and beauty,53.19,7,390.9465,1/14/2019,3:42:00 PM
866-70-2814,Paris,Electronic accessories,52.79,10,554.295,2/25/2019,11:58:00 AM
160-22-2687,Berlin,Health and beauty,95.95,5,503.7375,1/23/2019,2:21:00 PM
895-03-6665,Paris,Fashion accessories,36.51,9,345.0195,2/16/2019,10:52:00 AM
770-42-8960,Paris,Food and beverages,21.12,8,177.408,1/1/2019,7:31:00 PM
748-45-2862,Berlin,Home and lifestyle,28.31,4,118.902,3/7/2019,6:35:00 PM
234-36-2483,Paris,Health and beauty,57.59,6,362.817,2/15/2019,1:51:00 PM
316-66-3011,Berlin,Food and beverages,47.63,9,450.1035,1/23/2019,12:35:00 PM
848-95-6252,Madrid,Home and lifestyle,86.27,1,90.5835,2/20/2019,1:24:00 PM
840-76-5966,Berlin,Sports and travel,12.76,2,26.796,1/8/2019,6:06:00 PM
152-03-4217,Paris,Home and lifestyle,11.28,9,106.596,3/17/2019,11:55:00 AM
533-66-5566,Paris,Home and lifestyle,51.07,7,375.3645,1/12/2019,11:42:00 AM
124-31-1458,Berlin,Electronic accessories,79.59,3,250.7085,1/8/2019,2:30:00 PM
176-78-1170,Madrid,Health and beauty,33.81,3,106.5015,1/26/2019,3:11:00 PM
361-59-0574,Paris,Sports and travel,90.53,8,760.452,3/15/2019,2:48:00 PM
101-81-4070,Madrid,Health and beauty,62.82,2,131.922,1/17/2019,12:36:00 PM
631-34-1880,Madrid,Food and beverages,24.31,3,76.5765,1/8/2019,7:09:00 PM
852-82-2749,Berlin,Sports and travel,64.59,4,271.278,1/6/2019,1:35:00 PM
873-14-6353,Berlin,Food and beverages,24.82,7,182.427,2/16/2019,10:33:00 AM
584-66-4073,Madrid,Fashion accessories,56.5,1,59.325,3/13/2019,3:45:00 PM
544-55-9589,Paris,Electronic accessories,21.43,10,225.015,1/28/2019,11:51:00 AM
166-19-2553,Berlin,Sports and travel,89.06,6,561.078,1/18/2019,5:26:00 PM
737-88-5876,Berlin,Home and lifestyle,23.29,4,97.818,3/19/2019,11:52:00 AM
154-87-7367,Madrid,Home and lifestyle,65.26,8,548.184,3/15/2019,2:04:00 PM
885-56-0389,Madrid,Fashion accessories,52.35,1,54.9675,2/12/2019,5:49:00 PM
608-05-3804,Paris,Electronic accessories,39.75,1,41.7375,2/25/2019,8:19:00 PM
448-61-3783,Berlin,Electronic accessories,90.02,8,756.168,3/21/2019,4:08:00 PM
761-49-0439,Paris,Electronic accessories,12.1,8,101.64,1/19/2019,10:17:00 AM
490-95-0021,Paris,Food and beverages,33.21,10,348.705,1/8/2019,2:25:00 PM
115-38-7388,Madrid,Fashion accessories,10.18,8,85.512,3/30/2019,12:51:00 PM
311-13-6971,Paris,Sports and travel,31.99,10,335.895,2/20/2019,3:18:00 PM
291-55-6563,Berlin,Home and lifestyle,34.42,6,216.846,3/30/2019,12:45:00 PM
548-48-3156,Berlin,Food and beverages,83.34,2,175.014,3/19/2019,1:37:00 PM
460-93-5834,Berlin,Sports and travel,45.58,7,335.013,1/13/2019,10:03:00 AM
325-89-4209,Berlin,Food and beverages,87.9,1,92.295,2/5/2019,7:42:00 PM
884-80-6021,Berlin,Electronic accessories,73.47,10,771.435,3/23/2019,1:14:00 PM
137-74-8729,Madrid,Fashion accessories,12.19,8,102.396,3/13/2019,12:47:00 PM
880-46-5796,Berlin,Sports and travel,76.92,10,807.66,3/17/2019,7:53:00 PM
389-70-2397,Madrid,Health and beauty,83.66,5,439.215,2/21/2019,10:26:00 AM
114-35-5271,Paris,Electronic accessories,57.91,8,486.444,2/7/2019,3:06:00 PM
607-76-6216,Madrid,Fashion accessories,92.49,5,485.5725,3/2/2019,4:35:00 PM
715-20-1673,Paris,Electronic accessories,28.38,5,148.995,3/6/2019,8:57:00 PM
811-35-1094,Paris,Electronic accessories,50.45,6,317.835,2/6/2019,3:16:00 PM
699-88-1972,Paris,Health and beauty,99.16,8,832.944,1/28/2019,5:47:00 PM
781-84-8059,Madrid,Fashion accessories,60.74,7,446.439,1/18/2019,4:23:00 PM
409-49-6995,Madrid,Food and beverages,47.27,6,297.801,2/5/2019,10:17:00 AM
725-54-0677,Madrid,Health and beauty,85.6,7,629.16,3/2/2019,1:50:00 PM
146-09-5432,Berlin,Food and beverages,35.04,9,331.128,2/9/2019,7:17:00 PM
377-79-7592,Madrid,Electronic accessories,44.84,9,423.738,1/14/2019,2:00:00 PM
509-10-0516,Paris,Home and lifestyle,45.97,4,193.074,2/9/2019,12:02:00 PM
595-94-9924,Berlin,Health and beauty,27.73,5,145.5825,3/26/2019,8:21:00 PM
865-41-9075,Berlin,Food and beverages,11.53,7,84.7455,1/28/2019,5:35:00 PM
545-07-8534,Madrid,Health and beauty,58.32,2,122.472,2/14/2019,12:42:00 PM
118-62-1812,Madrid,Home and lifestyle,78.38,4,329.196,3/24/2019,5:56:00 PM
450-42-3339,Madrid,Health and beauty,84.61,10,888.405,2/9/2019,6:58:00 PM
851-98-3555,Paris,Health and beauty,82.88,5,435.12,3/24/2019,2:08:00 PM
186-71-5196,Berlin,Food and beverages,79.54,2,167.034,3/27/2019,4:30:00 PM
624-01-8356,Paris,Home and lifestyle,49.01,10,514.605,1/27/2019,10:44:00 AM
313-66-9943,Paris,Food and beverages,29.15,3,91.8225,3/27/2019,8:29:00 PM
151-27-8496,Madrid,Electronic accessories,56.13,4,235.746,1/19/2019,11:43:00 AM
453-33-6436,Berlin,Home and lifestyle,93.12,8,782.208,2/7/2019,10:09:00 AM
522-57-8364,Berlin,Fashion accessories,51.34,8,431.256,1/31/2019,10:00:00 AM
459-45-2396,Berlin,Food and beverages,99.6,3,313.74,2/25/2019,6:45:00 PM
717-96-4189,Madrid,Electronic accessories,35.49,6,223.587,2/2/2019,12:40:00 PM
722-13-2115,Madrid,Sports and travel,42.85,1,44.9925,3/14/2019,3:36:00 PM
749-81-8133,Berlin,Fashion accessories,94.67,4,397.614,3/11/2019,12:04:00 PM
777-67-2495,Paris,Home and lifestyle,68.97,3,217.2555,2/22/2019,11:26:00 AM
636-98-3364,Paris,Electronic accessories,26.26,3,82.719,3/2/2019,12:36:00 PM
246-55-6923,Madrid,Home and lifestyle,35.79,9,338.2155,3/10/2019,3:06:00 PM
181-82-6255,Paris,Home and lifestyle,16.37,6,103.131,2/8/2019,10:58:00 AM
838-02-1821,Madrid,Home and lifestyle,12.73,2,26.733,2/22/2019,12:10:00 PM
887-42-0517,Madrid,Sports and travel,83.14,7,611.079,1/10/2019,10:31:00 AM
457-12-0244,Madrid,Sports and travel,35.22,6,221.886,3/14/2019,1:49:00 PM
226-34-0034,Paris,Electronic accessories,13.78,4,57.876,1/10/2019,11:10:00 AM
321-49-7382,Paris,Sports and travel,88.31,1,92.7255,2/15/2019,5:38:00 PM
397-25-8725,Berlin,Health and beauty,39.62,9,374.409,1/13/2019,5:54:00 PM
431-66-2305,Paris,Electronic accessories,88.25,9,833.9625,2/15/2019,8:51:00 PM
825-94-5922,Paris,Sports and travel,25.31,2,53.151,3/2/2019,7:26:00 PM
641-62-7288,Paris,Home and lifestyle,99.92,6,629.496,3/24/2019,1:33:00 PM
756-93-1854,Madrid,Fashion accessories,83.35,2,175.035,2/2/2019,2:05:00 PM
243-55-8457,Berlin,Food and beverages,74.44,10,781.62,2/27/2019,11:40:00 AM
458-10-8612,Madrid,Health and beauty,64.08,7,470.988,1/20/2019,12:27:00 PM
501-61-1753,Paris,Home and lifestyle,63.15,6,397.845,1/3/2019,8:24:00 PM
235-06-8510,Madrid,Home and lifestyle,85.72,3,270.018,1/24/2019,8:59:00 PM
433-08-7822,Madrid,Health and beauty,78.89,7,579.8415,1/5/2019,7:48:00 PM
361-85-2571,Berlin,Sports and travel,89.48,5,469.77,3/30/2019,10:18:00 AM
131-70-8179,Berlin,Health and beauty,92.09,3,290.0835,2/17/2019,4:27:00 PM
500-02-2261,Madrid,Food and beverages,57.29,6,360.927,3/21/2019,5:04:00 PM
720-72-2436,Berlin,Food and beverages,66.52,4,279.384,3/2/2019,6:14:00 PM
702-83-5291,Madrid,Fashion accessories,99.82,9,943.299,3/27/2019,10:43:00 AM
809-69-9497,Berlin,Home and lifestyle,45.68,10,479.64,1/19/2019,7:30:00 PM
449-16-6770,Berlin,Health and beauty,50.79,5,266.6475,2/19/2019,2:53:00 PM
333-23-2632,Berlin,Health and beauty,10.08,7,74.088,3/28/2019,8:14:00 PM
489-82-1237,Berlin,Electronic accessories,93.88,7,690.018,1/5/2019,11:51:00 AM
859-97-6048,Madrid,Electronic accessories,84.25,2,176.925,3/26/2019,2:13:00 PM
676-10-2200,Paris,Fashion accessories,53.78,1,56.469,2/3/2019,8:13:00 PM
373-88-1424,Madrid,Home and lifestyle,35.81,5,188.0025,2/6/2019,6:44:00 PM
365-16-4334,Paris,Food and beverages,26.43,8,222.012,2/24/2019,2:26:00 PM
503-21-4385,Paris,Health and beauty,39.91,3,125.7165,2/21/2019,12:40:00 PM
305-89-2768,Paris,Home and lifestyle,21.9,3,68.985,1/9/2019,6:43:00 PM
574-80-1489,Paris,Food and beverages,62.85,4,263.97,2/25/2019,1:22:00 PM
784-08-0310,Madrid,Food and beverages,21.04,4,88.368,1/13/2019,1:58:00 PM
200-40-6154,Paris,Home and lifestyle,65.91,6,415.233,2/9/2019,11:45:00 AM
846-10-0341,Berlin,Fashion accessories,42.57,7,312.8895,1/6/2019,11:51:00 AM
577-34-7579,Madrid,Food and beverages,50.49,9,477.1305,1/10/2019,5:16:00 PM
430-02-3888,Paris,Electronic accessories,46.02,6,289.926,2/7/2019,3:55:00 PM
867-47-1948,Madrid,Home and lifestyle,15.8,10,165.9,1/9/2019,12:07:00 PM
384-59-6655,Berlin,Food and beverages,98.66,9,932.337,2/19/2019,3:07:00 PM
256-58-3609,Madrid,Fashion accessories,91.98,1,96.579,3/18/2019,3:29:00 PM
324-92-3863,Berlin,Electronic accessories,20.89,2,43.869,2/5/2019,6:45:00 PM
593-08-5916,Berlin,Fashion accessories,15.5,1,16.275,3/19/2019,3:23:00 PM
364-34-2972,Madrid,Electronic accessories,96.82,3,304.983,3/30/2019,8:37:00 PM
794-42-3736,Paris,Food and beverages,33.33,2,69.993,1/26/2019,2:41:00 PM
172-42-8274,Paris,Electronic accessories,38.27,2,80.367,3/2/2019,6:18:00 PM
558-60-5016,Berlin,Home and lifestyle,33.3,9,314.685,3/4/2019,3:27:00 PM
195-06-0432,Berlin,Home and lifestyle,81.01,3,255.1815,1/13/2019,12:55:00 PM
605-03-2706,Berlin,Health and beauty,15.8,3,49.77,3/25/2019,6:02:00 PM
214-30-2776,Paris,Electronic accessories,34.49,5,181.0725,3/11/2019,7:44:00 PM
746-04-1077,Paris,Food and beverages,84.63,10,888.615,1/1/2019,11:36:00 AM
448-34-8700,Paris,Home and lifestyle,36.91,7,271.2885,2/10/2019,1:51:00 PM
452-04-8808,Paris,Electronic accessories,87.08,7,640.038,1/26/2019,3:17:00 PM
531-56-4728,Berlin,Home and lifestyle,80.08,3,252.252,2/11/2019,3:29:00 PM
744-82-9138,Madrid,Fashion accessories,86.13,2,180.873,2/7/2019,5:59:00 PM
883-69-1285,Paris,Fashion accessories,49.92,2,104.832,3/6/2019,11:55:00 AM
221-25-5073,Berlin,Food and beverages,74.66,4,313.572,3/4/2019,10:39:00 AM
518-71-6847,Paris,Food and beverages,26.6,6,167.58,2/26/2019,3:10:00 PM
156-20-0370,Paris,Electronic accessories,25.45,1,26.7225,3/10/2019,6:10:00 PM
151-33-7434,Paris,Food and beverages,67.77,1,71.1585,2/4/2019,8:43:00 PM
728-47-9078,Madrid,Food and beverages,59.59,4,250.278,1/19/2019,12:46:00 PM
809-46-1866,Berlin,Health and beauty,58.15,4,244.23,1/23/2019,5:44:00 PM
139-32-4183,Berlin,Sports and travel,97.48,9,921.186,3/14/2019,2:19:00 PM
148-41-7930,Madrid,Health and beauty,99.96,7,734.706,1/23/2019,10:33:00 AM
189-40-5216,Madrid,Electronic accessories,96.37,7,708.3195,1/9/2019,11:40:00 AM
374-38-5555,Paris,Fashion accessories,63.71,5,334.4775,2/7/2019,7:30:00 PM
764-44-8999,Paris,Health and beauty,14.76,2,30.996,2/18/2019,2:42:00 PM
552-44-5977,Paris,Health and beauty,62,8,520.8,1/3/2019,7:08:00 PM
267-62-7380,Madrid,Electronic accessories,82.34,10,864.57,3/29/2019,7:12:00 PM
430-53-4718,Paris,Health and beauty,75.37,8,633.108,1/28/2019,3:46:00 PM
886-18-2897,Berlin,Food and beverages,56.56,5,296.94,3/22/2019,7:06:00 PM
602-16-6955,Paris,Sports and travel,76.6,10,804.3,1/24/2019,6:10:00 PM
745-74-0715,Berlin,Electronic accessories,58.03,2,121.863,3/10/2019,8:46:00 PM
690-01-6631,Paris,Fashion accessories,17.49,10,183.645,2/22/2019,6:35:00 PM
652-49-6720,Madrid,Electronic accessories,60.95,1,63.9975,2/18/2019,11:40:00 AM
233-67-5758,Madrid,Health and beauty,40.35,1,42.3675,1/29/2019,1:46:00 PM
303-96-2227,Paris,Home and lifestyle,97.38,10,1022.49,3/2/2019,5:16:00 PM
727-02-1313,Berlin,Food and beverages,31.84,1,33.432,2/9/2019,1:22:00 PM
347-56-2442,Berlin,Home and lifestyle,65.82,1,69.111,2/22/2019,3:33:00 PM
849-09-3807,Berlin,Fashion accessories,88.34,7,649.299,2/18/2019,1:28:00 PM
